,time,source,destination,protocol,length,source_port,destination_port,request_method,response_code,request_uri,data,user_agent
0,1722787836.874379000,10.0.3.15,204.79.197.203,HTTPS,55,49731,443,,,,,
1,1722787836.874551000,204.79.197.203,10.0.3.15,HTTPS,60,443,49731,,,,,
2,1722787840.169792000,10.0.3.15,2.17.107.97,HTTPS,55,49729,443,,,,,
3,1722787840.170006000,2.17.107.97,10.0.3.15,HTTPS,60,443,49729,,,,,
4,1722787840.415917000,10.0.3.15,13.107.246.67,HTTPS,55,49719,443,,,,,
5,1722787840.416087000,13.107.246.67,10.0.3.15,HTTPS,60,443,49719,,,,,
6,1722787840.767193000,10.0.3.15,204.79.197.203,HTTPS,55,49712,443,,,,,
7,1722787840.767482000,204.79.197.203,10.0.3.15,HTTPS,60,443,49712,,,,,
8,1722787840.783980000,10.0.3.15,2.17.197.192,HTTPS,55,49724,443,,,,,
9,1722787840.784051000,10.0.3.15,2.17.197.192,HTTPS,55,49723,443,,,,,
10,1722787840.784155000,2.17.197.192,10.0.3.15,HTTPS,60,443,49724,,,,,
11,1722787840.784155000,2.17.197.192,10.0.3.15,HTTPS,60,443,49723,,,,,
12,1722787847.353284000,10.0.3.15,10.0.3.3,UDP,77,53428,53,,,,,
13,1722787847.353562000,10.0.3.15,10.0.3.3,UDP,77,62927,53,,,,,
14,1722787847.357722000,10.0.3.15,10.0.3.3,UDP,71,56887,53,,,,,
15,1722787847.373883000,10.0.3.3,10.0.3.15,UDP,158,53,53428,,,,,
16,1722787847.387099000,10.0.3.15,13.107.6.158,HTTPS,66,49759,443,,,,,
17,1722787847.392331000,10.0.3.3,10.0.3.15,UDP,199,53,62927,,,,,
18,1722787847.409453000,10.0.3.3,10.0.3.15,UDP,136,53,56887,,,,,
19,1722787847.410163000,13.107.6.158,10.0.3.15,HTTPS,60,443,49759,,,,,
20,1722787847.410252000,10.0.3.15,13.107.6.158,HTTPS,54,49759,443,,,,,
21,1722787847.410631000,10.0.3.15,13.107.6.158,HTTPS,1845,49759,443,,,,,
22,1722787847.410793000,13.107.6.158,10.0.3.15,HTTPS,60,443,49759,,,,,
23,1722787847.410793000,13.107.6.158,10.0.3.15,HTTPS,60,443,49759,,,,,
24,1722787847.421375000,10.0.3.15,13.107.21.239,HTTPS,225,49722,443,,,,,
25,1722787847.421437000,10.0.3.15,13.107.21.239,HTTPS,100,49722,443,,,,,
26,1722787847.421585000,13.107.21.239,10.0.3.15,HTTPS,60,443,49722,,,,,
27,1722787847.421585000,13.107.21.239,10.0.3.15,HTTPS,60,443,49722,,,,,
28,1722787847.434746000,13.107.21.239,10.0.3.15,HTTPS,100,443,49722,,,,,
29,1722787847.436708000,13.107.21.239,10.0.3.15,HTTPS,472,443,49722,,,,,
30,1722787847.436773000,10.0.3.15,13.107.21.239,HTTPS,54,49722,443,,,,,
31,1722787847.437190000,13.107.21.239,10.0.3.15,HTTPS,92,443,49722,,,,,
32,1722787847.440105000,10.0.3.15,10.0.3.3,UDP,72,49969,53,,,,,
33,1722787847.440510000,10.0.3.15,10.0.3.3,UDP,72,54806,53,,,,,
34,1722787847.441630000,13.107.6.158,10.0.3.15,HTTPS,153,443,49759,,,,,
35,1722787847.441772000,10.0.3.15,13.107.21.239,HTTPS,96,49722,443,,,,,
36,1722787847.442728000,10.0.3.15,13.107.6.158,HTTPS,691,49759,443,,,,,
37,1722787847.443000000,13.107.21.239,10.0.3.15,HTTPS,60,443,49722,,,,,
38,1722787847.444086000,13.107.6.158,10.0.3.15,HTTPS,60,443,49759,,,,,
39,1722787847.458698000,10.0.3.15,10.0.3.3,UDP,87,55120,53,,,,,
40,1722787847.458976000,10.0.3.15,10.0.3.3,UDP,87,52736,53,,,,,
41,1722787847.460431000,10.0.3.15,204.79.197.203,HTTPS,146,49731,443,,,,,
42,1722787847.460618000,204.79.197.203,10.0.3.15,HTTPS,60,443,49731,,,,,
43,1722787847.461168000,10.0.3.15,204.79.197.203,HTTPS,85,49731,443,,,,,
44,1722787847.461242000,10.0.3.15,204.79.197.203,HTTPS,473,49731,443,,,,,
45,1722787847.461408000,204.79.197.203,10.0.3.15,HTTPS,60,443,49731,,,,,
46,1722787847.461408000,204.79.197.203,10.0.3.15,HTTPS,60,443,49731,,,,,
47,1722787847.461431000,10.0.3.15,13.74.129.1,HTTPS,153,49725,443,,,,,
48,1722787847.461524000,13.74.129.1,10.0.3.15,HTTPS,60,443,49725,,,,,
49,1722787847.461562000,10.0.3.15,18.239.208.108,HTTPS,146,49728,443,,,,,
50,1722787847.461657000,10.0.3.15,13.74.129.1,HTTPS,92,49725,443,,,,,
51,1722787847.461679000,18.239.208.108,10.0.3.15,HTTPS,60,443,49728,,,,,
52,1722787847.461777000,10.0.3.15,13.74.129.1,HTTPS,2369,49725,443,,,,,
53,1722787847.461795000,13.74.129.1,10.0.3.15,HTTPS,60,443,49725,,,,,
54,1722787847.461814000,10.0.3.15,18.239.208.108,HTTPS,85,49728,443,,,,,
55,1722787847.461872000,10.0.3.15,18.239.208.108,HTTPS,736,49728,443,,,,,
56,1722787847.461889000,13.74.129.1,10.0.3.15,HTTPS,60,443,49725,,,,,
57,1722787847.461889000,13.74.129.1,10.0.3.15,HTTPS,60,443,49725,,,,,
58,1722787847.461889000,18.239.208.108,10.0.3.15,HTTPS,60,443,49728,,,,,
59,1722787847.461975000,18.239.208.108,10.0.3.15,HTTPS,60,443,49728,,,,,
60,1722787847.462289000,10.0.3.3,10.0.3.15,UDP,337,53,49969,,,,,
61,1722787847.468066000,13.107.6.158,10.0.3.15,HTTPS,1514,443,49759,,,,,
62,1722787847.468726000,13.107.6.158,10.0.3.15,HTTPS,1514,443,49759,,,,,
63,1722787847.468777000,10.0.3.15,13.107.6.158,HTTPS,54,49759,443,,,,,
64,1722787847.468825000,13.107.6.158,10.0.3.15,HTTPS,1514,443,49759,,,,,
65,1722787847.468942000,13.107.6.158,10.0.3.15,HTTPS,1514,443,49759,,,,,
66,1722787847.468955000,10.0.3.15,13.107.6.158,HTTPS,54,49759,443,,,,,
67,1722787847.469091000,13.107.6.158,10.0.3.15,HTTPS,1447,443,49759,,,,,
68,1722787847.470055000,10.0.3.15,88.221.83.186,UDP,1292,50443,443,,,,,
69,1722787847.470134000,10.0.3.15,88.221.83.186,UDP,1292,50443,443,,,,,
70,1722787847.471318000,10.0.3.15,13.107.6.158,HTTPS,128,49759,443,,,,,
71,1722787847.471437000,13.107.6.158,10.0.3.15,HTTPS,60,443,49759,,,,,
72,1722787847.471528000,10.0.3.15,13.107.6.158,HTTPS,146,49759,443,,,,,
73,1722787847.471650000,13.107.6.158,10.0.3.15,HTTPS,60,443,49759,,,,,
74,1722787847.471785000,10.0.3.15,13.107.6.158,HTTPS,673,49759,443,,,,,
75,1722787847.471843000,10.0.3.15,13.107.6.158,HTTPS,159,49759,443,,,,,
76,1722787847.471886000,13.107.6.158,10.0.3.15,HTTPS,60,443,49759,,,,,
77,1722787847.471921000,13.107.6.158,10.0.3.15,HTTPS,60,443,49759,,,,,
78,1722787847.474916000,204.79.197.203,10.0.3.15,HTTPS,85,443,49731,,,,,
79,1722787847.476872000,10.0.3.3,10.0.3.15,UDP,217,53,55120,,,,,
80,1722787847.480366000,18.239.208.108,10.0.3.15,HTTPS,85,443,49728,,,,,
81,1722787847.482903000,10.0.3.15,13.89.179.9,HTTPS,66,49760,443,,,,,
82,1722787847.486342000,10.0.3.3,10.0.3.15,UDP,290,53,54806,,,,,
83,1722787847.490608000,88.221.83.186,10.0.3.15,UDP,1292,443,50443,,,,,
84,1722787847.490756000,10.0.3.3,10.0.3.15,UDP,272,53,52736,,,,,
85,1722787847.491858000,13.107.6.158,10.0.3.15,HTTPS,513,443,49759,,,,,
86,1722787847.491858000,13.107.6.158,10.0.3.15,HTTPS,116,443,49759,,,,,
87,1722787847.491901000,10.0.3.15,13.107.6.158,HTTPS,54,49759,443,,,,,
88,1722787847.492022000,88.221.83.186,10.0.3.15,UDP,1292,443,50443,,,,,
89,1722787847.492450000,10.0.3.15,13.107.6.158,HTTPS,85,49759,443,,,,,
90,1722787847.492522000,88.221.83.186,10.0.3.15,UDP,1292,443,50443,,,,,
91,1722787847.492921000,13.107.6.158,10.0.3.15,HTTPS,60,443,49759,,,,,
92,1722787847.492921000,88.221.83.186,10.0.3.15,UDP,1292,443,50443,,,,,
93,1722787847.492921000,88.221.83.186,10.0.3.15,UDP,565,443,50443,,,,,
94,1722787847.493054000,10.0.3.15,88.221.83.186,UDP,81,50443,443,,,,,
95,1722787847.493399000,18.239.208.108,10.0.3.15,HTTPS,302,443,49728,,,,,
96,1722787847.493423000,10.0.3.15,18.239.208.108,HTTPS,54,49728,443,,,,,
97,1722787847.493553000,10.0.3.15,88.221.83.186,UDP,210,50443,443,,,,,
98,1722787847.493937000,10.0.3.15,88.221.83.186,UDP,400,50443,443,,,,,
99,1722787847.501092000,13.74.129.1,10.0.3.15,HTTPS,92,443,49725,,,,,
100,1722787847.502743000,13.74.129.1,10.0.3.15,HTTPS,840,443,49725,,,,,
101,1722787847.502802000,10.0.3.15,13.74.129.1,HTTPS,54,49725,443,,,,,
102,1722787847.508280000,13.107.6.158,10.0.3.15,HTTPS,1265,443,49759,,,,,
103,1722787847.508657000,13.107.6.158,10.0.3.15,HTTPS,117,443,49759,,,,,
104,1722787847.508682000,10.0.3.15,13.107.6.158,HTTPS,54,49759,443,,,,,
105,1722787847.521324000,88.221.83.186,10.0.3.15,UDP,329,443,50443,,,,,
106,1722787847.521531000,88.221.83.186,10.0.3.15,UDP,370,443,50443,,,,,
107,1722787847.521531000,88.221.83.186,10.0.3.15,UDP,104,443,50443,,,,,
108,1722787847.521531000,88.221.83.186,10.0.3.15,UDP,63,443,50443,,,,,
109,1722787847.521898000,10.0.3.15,88.221.83.186,UDP,73,50443,443,,,,,
110,1722787847.521998000,10.0.3.15,88.221.83.186,UDP,75,50443,443,,,,,
111,1722787847.522042000,10.0.3.15,88.221.83.186,UDP,75,50443,443,,,,,
112,1722787847.529002000,10.0.3.15,204.79.197.203,HTTPS,54,49731,443,,,,,
113,1722787847.534720000,204.79.197.203,10.0.3.15,HTTPS,573,443,49731,,,,,
114,1722787847.536440000,10.0.3.15,204.79.197.203,HTTPS,5209,49712,443,,,,,
115,1722787847.536559000,10.0.3.15,204.79.197.203,HTTPS,93,49712,443,,,,,
116,1722787847.536590000,10.0.3.15,204.79.197.203,HTTPS,1109,49712,443,,,,,
117,1722787847.536736000,204.79.197.203,10.0.3.15,HTTPS,60,443,49712,,,,,
118,1722787847.536736000,204.79.197.203,10.0.3.15,HTTPS,60,443,49712,,,,,
119,1722787847.536736000,204.79.197.203,10.0.3.15,HTTPS,60,443,49712,,,,,
120,1722787847.536736000,204.79.197.203,10.0.3.15,HTTPS,60,443,49712,,,,,
121,1722787847.536736000,204.79.197.203,10.0.3.15,HTTPS,60,443,49712,,,,,
122,1722787847.536736000,204.79.197.203,10.0.3.15,HTTPS,60,443,49712,,,,,
123,1722787847.538470000,88.221.83.186,10.0.3.15,UDP,550,443,50443,,,,,
124,1722787847.538601000,88.221.83.186,10.0.3.15,UDP,1292,443,50443,,,,,
125,1722787847.538781000,10.0.3.15,88.221.83.186,UDP,79,50443,443,,,,,
126,1722787847.538778000,10.0.3.15,10.0.3.3,UDP,97,56887,53,,,,,
127,1722787847.538846000,10.0.3.15,88.221.83.186,UDP,75,50443,443,,,,,
128,1722787847.538842000,88.221.83.186,10.0.3.15,UDP,1292,443,50443,,,,,
129,1722787847.539005000,88.221.83.186,10.0.3.15,UDP,1292,443,50443,,,,,
130,1722787847.539005000,88.221.83.186,10.0.3.15,UDP,1292,443,50443,,,,,
131,1722787847.539127000,88.221.83.186,10.0.3.15,UDP,1292,443,50443,,,,,
132,1722787847.539149000,10.0.3.15,88.221.83.186,UDP,75,50443,443,,,,,
133,1722787847.539243000,10.0.3.15,88.221.83.186,UDP,75,50443,443,,,,,
134,1722787847.539253000,88.221.83.186,10.0.3.15,UDP,1292,443,50443,,,,,
135,1722787847.539578000,88.221.83.186,10.0.3.15,UDP,1292,443,50443,,,,,
136,1722787847.539578000,88.221.83.186,10.0.3.15,UDP,1292,443,50443,,,,,
137,1722787847.539707000,88.221.83.186,10.0.3.15,UDP,1292,443,50443,,,,,
138,1722787847.539733000,10.0.3.15,88.221.83.186,UDP,75,50443,443,,,,,
139,1722787847.539782000,10.0.3.15,88.221.83.186,UDP,77,50443,443,,,,,
140,1722787847.539813000,10.0.3.15,88.221.83.186,UDP,77,50443,443,,,,,
141,1722787847.539990000,88.221.83.186,10.0.3.15,UDP,1292,443,50443,,,,,
142,1722787847.540086000,88.221.83.186,10.0.3.15,UDP,1292,443,50443,,,,,
143,1722787847.540097000,10.0.3.15,88.221.83.186,UDP,75,50443,443,,,,,
144,1722787847.540279000,88.221.83.186,10.0.3.15,UDP,1292,443,50443,,,,,
145,1722787847.540409000,10.0.3.15,88.221.83.186,UDP,75,50443,443,,,,,
146,1722787847.543120000,88.221.83.186,10.0.3.15,UDP,1292,443,50443,,,,,
147,1722787847.543120000,88.221.83.186,10.0.3.15,UDP,1292,443,50443,,,,,
148,1722787847.543333000,10.0.3.15,88.221.83.186,UDP,75,50443,443,,,,,
149,1722787847.543332000,88.221.83.186,10.0.3.15,UDP,1292,443,50443,,,,,
150,1722787847.543332000,88.221.83.186,10.0.3.15,UDP,1292,443,50443,,,,,
151,1722787847.543396000,10.0.3.15,88.221.83.186,UDP,75,50443,443,,,,,
152,1722787847.545078000,88.221.83.186,10.0.3.15,UDP,1292,443,50443,,,,,
153,1722787847.546031000,88.221.83.186,10.0.3.15,UDP,1292,443,50443,,,,,
154,1722787847.546174000,88.221.83.186,10.0.3.15,UDP,1292,443,50443,,,,,
155,1722787847.546239000,10.0.3.15,88.221.83.186,UDP,75,50443,443,,,,,
156,1722787847.546285000,88.221.83.186,10.0.3.15,UDP,1292,443,50443,,,,,
157,1722787847.546393000,10.0.3.15,88.221.83.186,UDP,75,50443,443,,,,,
158,1722787847.547166000,88.221.83.186,10.0.3.15,UDP,1292,443,50443,,,,,
159,1722787847.547256000,88.221.83.186,10.0.3.15,UDP,1292,443,50443,,,,,
160,1722787847.547463000,10.0.3.15,88.221.83.186,UDP,75,50443,443,,,,,
161,1722787847.548588000,88.221.83.186,10.0.3.15,UDP,1292,443,50443,,,,,
162,1722787847.548705000,88.221.83.186,10.0.3.15,UDP,1292,443,50443,,,,,
163,1722787847.548774000,88.221.83.186,10.0.3.15,UDP,1292,443,50443,,,,,
164,1722787847.548783000,10.0.3.15,88.221.83.186,UDP,75,50443,443,,,,,
165,1722787847.549210000,88.221.83.186,10.0.3.15,UDP,1292,443,50443,,,,,
166,1722787847.549312000,10.0.3.15,88.221.83.186,UDP,75,50443,443,,,,,
167,1722787847.551298000,88.221.83.186,10.0.3.15,UDP,1292,443,50443,,,,,
168,1722787847.551426000,88.221.83.186,10.0.3.15,UDP,1292,443,50443,,,,,
169,1722787847.551516000,88.221.83.186,10.0.3.15,UDP,1292,443,50443,,,,,
170,1722787847.551532000,10.0.3.15,88.221.83.186,UDP,75,50443,443,,,,,
171,1722787847.553655000,88.221.83.186,10.0.3.15,UDP,1292,443,50443,,,,,
172,1722787847.553863000,10.0.3.15,88.221.83.186,UDP,75,50443,443,,,,,
173,1722787847.553916000,88.221.83.186,10.0.3.15,UDP,1292,443,50443,,,,,
174,1722787847.554669000,88.221.83.186,10.0.3.15,UDP,1292,443,50443,,,,,
175,1722787847.554748000,88.221.83.186,10.0.3.15,UDP,1292,443,50443,,,,,
176,1722787847.554824000,10.0.3.15,88.221.83.186,UDP,75,50443,443,,,,,
177,1722787847.554955000,88.221.83.186,10.0.3.15,UDP,1292,443,50443,,,,,
178,1722787847.555062000,10.0.3.15,88.221.83.186,UDP,75,50443,443,,,,,
179,1722787847.556029000,88.221.83.186,10.0.3.15,UDP,1292,443,50443,,,,,
180,1722787847.556141000,204.79.197.203,10.0.3.15,HTTPS,93,443,49712,,,,,
181,1722787847.556141000,88.221.83.186,10.0.3.15,UDP,1292,443,50443,,,,,
182,1722787847.556395000,88.221.83.186,10.0.3.15,UDP,1292,443,50443,,,,,
183,1722787847.556460000,10.0.3.15,88.221.83.186,UDP,80,50443,443,,,,,
184,1722787847.556997000,88.221.83.186,10.0.3.15,UDP,1292,443,50443,,,,,
185,1722787847.557116000,10.0.3.15,88.221.83.186,UDP,75,50443,443,,,,,
186,1722787847.558352000,88.221.83.186,10.0.3.15,UDP,1292,443,50443,,,,,
187,1722787847.558800000,88.221.83.186,10.0.3.15,UDP,1292,443,50443,,,,,
188,1722787847.559148000,10.0.3.15,88.221.83.186,UDP,73,50443,443,,,,,
189,1722787847.565204000,10.0.3.3,10.0.3.15,UDP,225,53,56887,,,,,
190,1722787847.569589000,10.0.3.15,52.168.117.173,HTTPS,66,49761,443,,,,,
191,1722787847.577696000,10.0.3.15,204.79.197.203,HTTPS,54,49731,443,,,,,
192,1722787847.578268000,88.221.83.186,10.0.3.15,UDP,1292,443,50443,,,,,
193,1722787847.578268000,88.221.83.186,10.0.3.15,UDP,1292,443,50443,,,,,
194,1722787847.578464000,88.221.83.186,10.0.3.15,UDP,1292,443,50443,,,,,
195,1722787847.578464000,88.221.83.186,10.0.3.15,UDP,1292,443,50443,,,,,
196,1722787847.578785000,10.0.3.15,88.221.83.186,UDP,73,50443,443,,,,,
197,1722787847.578878000,10.0.3.15,88.221.83.186,UDP,73,50443,443,,,,,
198,1722787847.579207000,88.221.83.186,10.0.3.15,UDP,1292,443,50443,,,,,
199,1722787847.597062000,88.221.83.186,10.0.3.15,UDP,1292,443,50443,,,,,
200,1722787847.597346000,88.221.83.186,10.0.3.15,UDP,1292,443,50443,,,,,
201,1722787847.597346000,88.221.83.186,10.0.3.15,UDP,1292,443,50443,,,,,
202,1722787847.597346000,88.221.83.186,10.0.3.15,UDP,1292,443,50443,,,,,
203,1722787847.597346000,88.221.83.186,10.0.3.15,UDP,1292,443,50443,,,,,
204,1722787847.597508000,10.0.3.15,88.221.83.186,UDP,73,50443,443,,,,,
205,1722787847.597585000,10.0.3.15,88.221.83.186,UDP,73,50443,443,,,,,
206,1722787847.597633000,10.0.3.15,88.221.83.186,UDP,73,50443,443,,,,,
207,1722787847.597815000,88.221.83.186,10.0.3.15,UDP,1292,443,50443,,,,,
208,1722787847.597954000,88.221.83.186,10.0.3.15,UDP,1292,443,50443,,,,,
209,1722787847.598030000,88.221.83.186,10.0.3.15,UDP,1292,443,50443,,,,,
210,1722787847.598130000,10.0.3.15,88.221.83.186,UDP,73,50443,443,,,,,
211,1722787847.598279000,88.221.83.186,10.0.3.15,UDP,1292,443,50443,,,,,
212,1722787847.598279000,88.221.83.186,10.0.3.15,UDP,1292,443,50443,,,,,
213,1722787847.598540000,88.221.83.186,10.0.3.15,UDP,1292,443,50443,,,,,
214,1722787847.598540000,88.221.83.186,10.0.3.15,UDP,1292,443,50443,,,,,
215,1722787847.598540000,88.221.83.186,10.0.3.15,UDP,1292,443,50443,,,,,
216,1722787847.598620000,10.0.3.15,88.221.83.186,UDP,74,50443,443,,,,,
217,1722787847.598739000,10.0.3.15,88.221.83.186,UDP,74,50443,443,,,,,
218,1722787847.598781000,10.0.3.15,88.221.83.186,UDP,74,50443,443,,,,,
219,1722787847.598851000,88.221.83.186,10.0.3.15,UDP,1292,443,50443,,,,,
220,1722787847.598938000,88.221.83.186,10.0.3.15,UDP,1292,443,50443,,,,,
221,1722787847.598982000,10.0.3.15,88.221.83.186,UDP,74,50443,443,,,,,
222,1722787847.599133000,88.221.83.186,10.0.3.15,UDP,1292,443,50443,,,,,
223,1722787847.599133000,88.221.83.186,10.0.3.15,UDP,1292,443,50443,,,,,
224,1722787847.599268000,10.0.3.15,88.221.83.186,UDP,74,50443,443,,,,,
225,1722787847.599276000,88.221.83.186,10.0.3.15,UDP,1292,443,50443,,,,,
226,1722787847.599453000,88.221.83.186,10.0.3.15,UDP,1292,443,50443,,,,,
227,1722787847.599453000,88.221.83.186,10.0.3.15,UDP,1292,443,50443,,,,,
228,1722787847.599550000,10.0.3.15,88.221.83.186,UDP,74,50443,443,,,,,
229,1722787847.599644000,88.221.83.186,10.0.3.15,UDP,1292,443,50443,,,,,
230,1722787847.599769000,88.221.83.186,10.0.3.15,UDP,1292,443,50443,,,,,
231,1722787847.599785000,10.0.3.15,88.221.83.186,UDP,74,50443,443,,,,,
232,1722787847.599857000,88.221.83.186,10.0.3.15,UDP,1292,443,50443,,,,,
233,1722787847.600060000,10.0.3.15,88.221.83.186,UDP,74,50443,443,,,,,
234,1722787847.600070000,88.221.83.186,10.0.3.15,UDP,1292,443,50443,,,,,
235,1722787847.600070000,88.221.83.186,10.0.3.15,UDP,1292,443,50443,,,,,
236,1722787847.600343000,88.221.83.186,10.0.3.15,UDP,1292,443,50443,,,,,
237,1722787847.600343000,88.221.83.186,10.0.3.15,UDP,1292,443,50443,,,,,
238,1722787847.600343000,88.221.83.186,10.0.3.15,UDP,1292,443,50443,,,,,
239,1722787847.600343000,88.221.83.186,10.0.3.15,UDP,84,443,50443,,,,,
240,1722787847.600386000,10.0.3.15,88.221.83.186,UDP,74,50443,443,,,,,
241,1722787847.600426000,88.221.83.186,10.0.3.15,UDP,1292,443,50443,,,,,
242,1722787847.600439000,10.0.3.15,88.221.83.186,UDP,74,50443,443,,,,,
243,1722787847.600487000,10.0.3.15,88.221.83.186,UDP,74,50443,443,,,,,
244,1722787847.600545000,88.221.83.186,10.0.3.15,UDP,1292,443,50443,,,,,
245,1722787847.600639000,88.221.83.186,10.0.3.15,UDP,1292,443,50443,,,,,
246,1722787847.600694000,10.0.3.15,88.221.83.186,UDP,79,50443,443,,,,,
247,1722787847.600742000,88.221.83.186,10.0.3.15,UDP,1292,443,50443,,,,,
248,1722787847.600861000,10.0.3.15,88.221.83.186,UDP,74,50443,443,,,,,
249,1722787847.600870000,88.221.83.186,10.0.3.15,UDP,1292,443,50443,,,,,
250,1722787847.600965000,88.221.83.186,10.0.3.15,UDP,1292,443,50443,,,,,
251,1722787847.601091000,88.221.83.186,10.0.3.15,UDP,1292,443,50443,,,,,
252,1722787847.601171000,88.221.83.186,10.0.3.15,UDP,1292,443,50443,,,,,
253,1722787847.601160000,10.0.3.15,88.221.83.186,UDP,74,50443,443,,,,,
254,1722787847.601254000,88.221.83.186,10.0.3.15,UDP,1292,443,50443,,,,,
255,1722787847.601301000,10.0.3.15,88.221.83.186,UDP,74,50443,443,,,,,
256,1722787847.601528000,88.221.83.186,10.0.3.15,UDP,1292,443,50443,,,,,
257,1722787847.601528000,88.221.83.186,10.0.3.15,UDP,1292,443,50443,,,,,
258,1722787847.601725000,10.0.3.15,88.221.83.186,UDP,74,50443,443,,,,,
259,1722787847.601798000,88.221.83.186,10.0.3.15,UDP,1292,443,50443,,,,,
260,1722787847.601798000,88.221.83.186,10.0.3.15,UDP,1292,443,50443,,,,,
261,1722787847.601798000,88.221.83.186,10.0.3.15,UDP,1292,443,50443,,,,,
262,1722787847.601891000,10.0.3.15,88.221.83.186,UDP,74,50443,443,,,,,
263,1722787847.601939000,10.0.3.15,88.221.83.186,UDP,74,50443,443,,,,,
264,1722787847.602304000,88.221.83.186,10.0.3.15,UDP,1292,443,50443,,,,,
265,1722787847.602405000,88.221.83.186,10.0.3.15,UDP,1292,443,50443,,,,,
266,1722787847.602478000,10.0.3.15,88.221.83.186,UDP,74,50443,443,,,,,
267,1722787847.602512000,88.221.83.186,10.0.3.15,UDP,1292,443,50443,,,,,
268,1722787847.602760000,88.221.83.186,10.0.3.15,UDP,1292,443,50443,,,,,
269,1722787847.602760000,88.221.83.186,10.0.3.15,UDP,1292,443,50443,,,,,
270,1722787847.602825000,88.221.83.186,10.0.3.15,UDP,1292,443,50443,,,,,
271,1722787847.602900000,10.0.3.15,88.221.83.186,UDP,74,50443,443,,,,,
272,1722787847.602944000,88.221.83.186,10.0.3.15,UDP,1292,443,50443,,,,,
273,1722787847.602957000,10.0.3.15,88.221.83.186,UDP,74,50443,443,,,,,
274,1722787847.603243000,88.221.83.186,10.0.3.15,UDP,1292,443,50443,,,,,
275,1722787847.603243000,88.221.83.186,10.0.3.15,UDP,1292,443,50443,,,,,
276,1722787847.603520000,88.221.83.186,10.0.3.15,UDP,1292,443,50443,,,,,
277,1722787847.603635000,88.221.83.186,10.0.3.15,UDP,1292,443,50443,,,,,
278,1722787847.603974000,88.221.83.186,10.0.3.15,UDP,1292,443,50443,,,,,
279,1722787847.605744000,88.221.83.186,10.0.3.15,UDP,1292,443,50443,,,,,
280,1722787847.605859000,88.221.83.186,10.0.3.15,UDP,1292,443,50443,,,,,
281,1722787847.605951000,88.221.83.186,10.0.3.15,UDP,1292,443,50443,,,,,
282,1722787847.606052000,88.221.83.186,10.0.3.15,UDP,1292,443,50443,,,,,
283,1722787847.606134000,88.221.83.186,10.0.3.15,UDP,1292,443,50443,,,,,
284,1722787847.606192000,10.0.3.15,88.221.83.186,UDP,74,50443,443,,,,,
285,1722787847.606375000,88.221.83.186,10.0.3.15,UDP,1292,443,50443,,,,,
286,1722787847.606375000,88.221.83.186,10.0.3.15,UDP,1292,443,50443,,,,,
287,1722787847.606375000,88.221.83.186,10.0.3.15,UDP,1292,443,50443,,,,,
288,1722787847.606566000,88.221.83.186,10.0.3.15,UDP,1292,443,50443,,,,,
289,1722787847.606744000,88.221.83.186,10.0.3.15,UDP,1292,443,50443,,,,,
290,1722787847.606744000,88.221.83.186,10.0.3.15,UDP,1292,443,50443,,,,,
291,1722787847.606869000,88.221.83.186,10.0.3.15,UDP,1292,443,50443,,,,,
292,1722787847.607003000,88.221.83.186,10.0.3.15,UDP,1292,443,50443,,,,,
293,1722787847.607155000,88.221.83.186,10.0.3.15,UDP,1292,443,50443,,,,,
294,1722787847.607155000,88.221.83.186,10.0.3.15,UDP,1292,443,50443,,,,,
295,1722787847.607247000,88.221.83.186,10.0.3.15,UDP,1292,443,50443,,,,,
296,1722787847.607259000,10.0.3.15,88.221.83.186,UDP,75,50443,443,,,,,
297,1722787847.608650000,88.221.83.186,10.0.3.15,UDP,1292,443,50443,,,,,
298,1722787847.608650000,88.221.83.186,10.0.3.15,UDP,1292,443,50443,,,,,
299,1722787847.608739000,10.0.3.15,204.79.197.203,HTTPS,54,49712,443,,,,,
300,1722787847.608901000,88.221.83.186,10.0.3.15,UDP,1292,443,50443,,,,,
301,1722787847.608901000,88.221.83.186,10.0.3.15,UDP,1292,443,50443,,,,,
302,1722787847.613097000,13.89.179.9,10.0.3.15,HTTPS,60,443,49760,,,,,
303,1722787847.613184000,10.0.3.15,13.89.179.9,HTTPS,54,49760,443,,,,,
304,1722787847.613595000,10.0.3.15,13.89.179.9,HTTPS,1823,49760,443,,,,,
305,1722787847.613715000,10.0.3.15,88.221.83.186,UDP,76,50443,443,,,,,
306,1722787847.613770000,13.89.179.9,10.0.3.15,HTTPS,60,443,49760,,,,,
307,1722787847.613770000,13.89.179.9,10.0.3.15,HTTPS,60,443,49760,,,,,
308,1722787847.616353000,88.221.83.186,10.0.3.15,UDP,1292,443,50443,,,,,
309,1722787847.616491000,88.221.83.186,10.0.3.15,UDP,1292,443,50443,,,,,
310,1722787847.616491000,88.221.83.186,10.0.3.15,UDP,1292,443,50443,,,,,
311,1722787847.616579000,88.221.83.186,10.0.3.15,UDP,1292,443,50443,,,,,
312,1722787847.617234000,88.221.83.186,10.0.3.15,UDP,1292,443,50443,,,,,
313,1722787847.617365000,88.221.83.186,10.0.3.15,UDP,1292,443,50443,,,,,
314,1722787847.617482000,88.221.83.186,10.0.3.15,UDP,1292,443,50443,,,,,
315,1722787847.617642000,88.221.83.186,10.0.3.15,UDP,1292,443,50443,,,,,
316,1722787847.617642000,88.221.83.186,10.0.3.15,UDP,1292,443,50443,,,,,
317,1722787847.617797000,88.221.83.186,10.0.3.15,UDP,1292,443,50443,,,,,
318,1722787847.617797000,88.221.83.186,10.0.3.15,UDP,1292,443,50443,,,,,
319,1722787847.617956000,88.221.83.186,10.0.3.15,UDP,1292,443,50443,,,,,
320,1722787847.618031000,10.0.3.15,88.221.83.186,UDP,75,50443,443,,,,,
321,1722787847.618059000,88.221.83.186,10.0.3.15,UDP,1292,443,50443,,,,,
322,1722787847.618151000,88.221.83.186,10.0.3.15,UDP,1292,443,50443,,,,,
323,1722787847.618302000,88.221.83.186,10.0.3.15,UDP,1292,443,50443,,,,,
324,1722787847.618426000,88.221.83.186,10.0.3.15,UDP,1292,443,50443,,,,,
325,1722787847.618675000,88.221.83.186,10.0.3.15,UDP,1292,443,50443,,,,,
326,1722787847.618675000,88.221.83.186,10.0.3.15,UDP,1292,443,50443,,,,,
327,1722787847.618878000,88.221.83.186,10.0.3.15,UDP,1292,443,50443,,,,,
328,1722787847.618878000,88.221.83.186,10.0.3.15,UDP,1292,443,50443,,,,,
329,1722787847.618980000,10.0.3.15,88.221.83.186,UDP,75,50443,443,,,,,
330,1722787847.618990000,88.221.83.186,10.0.3.15,UDP,1292,443,50443,,,,,
331,1722787847.619089000,88.221.83.186,10.0.3.15,UDP,1292,443,50443,,,,,
332,1722787847.619272000,88.221.83.186,10.0.3.15,UDP,1292,443,50443,,,,,
333,1722787847.619272000,88.221.83.186,10.0.3.15,UDP,1292,443,50443,,,,,
334,1722787847.622468000,88.221.83.186,10.0.3.15,UDP,1292,443,50443,,,,,
335,1722787847.622605000,88.221.83.186,10.0.3.15,UDP,1292,443,50443,,,,,
336,1722787847.622605000,88.221.83.186,10.0.3.15,UDP,1292,443,50443,,,,,
337,1722787847.622751000,88.221.83.186,10.0.3.15,UDP,1292,443,50443,,,,,
338,1722787847.622904000,88.221.83.186,10.0.3.15,UDP,1292,443,50443,,,,,
339,1722787847.622904000,88.221.83.186,10.0.3.15,UDP,1292,443,50443,,,,,
340,1722787847.623035000,88.221.83.186,10.0.3.15,UDP,1292,443,50443,,,,,
341,1722787847.623069000,10.0.3.15,88.221.83.186,UDP,75,50443,443,,,,,
342,1722787847.623636000,88.221.83.186,10.0.3.15,UDP,1292,443,50443,,,,,
343,1722787847.623636000,88.221.83.186,10.0.3.15,UDP,1292,443,50443,,,,,
344,1722787847.623991000,88.221.83.186,10.0.3.15,UDP,1292,443,50443,,,,,
345,1722787847.625661000,88.221.83.186,10.0.3.15,UDP,1292,443,50443,,,,,
346,1722787847.625779000,88.221.83.186,10.0.3.15,UDP,1292,443,50443,,,,,
347,1722787847.625887000,88.221.83.186,10.0.3.15,UDP,1292,443,50443,,,,,
348,1722787847.625995000,88.221.83.186,10.0.3.15,UDP,1292,443,50443,,,,,
349,1722787847.626159000,88.221.83.186,10.0.3.15,UDP,1292,443,50443,,,,,
350,1722787847.626260000,88.221.83.186,10.0.3.15,UDP,1292,443,50443,,,,,
351,1722787847.626346000,10.0.3.15,88.221.83.186,UDP,75,50443,443,,,,,
352,1722787847.626404000,88.221.83.186,10.0.3.15,UDP,1292,443,50443,,,,,
353,1722787847.626404000,88.221.83.186,10.0.3.15,UDP,1292,443,50443,,,,,
354,1722787847.626534000,88.221.83.186,10.0.3.15,UDP,1292,443,50443,,,,,
355,1722787847.626615000,88.221.83.186,10.0.3.15,UDP,1292,443,50443,,,,,
356,1722787847.626708000,88.221.83.186,10.0.3.15,UDP,1292,443,50443,,,,,
357,1722787847.626823000,88.221.83.186,10.0.3.15,UDP,1292,443,50443,,,,,
358,1722787847.626933000,88.221.83.186,10.0.3.15,UDP,1292,443,50443,,,,,
359,1722787847.627068000,88.221.83.186,10.0.3.15,UDP,1292,443,50443,,,,,
360,1722787847.627204000,88.221.83.186,10.0.3.15,UDP,1292,443,50443,,,,,
361,1722787847.627312000,88.221.83.186,10.0.3.15,UDP,1292,443,50443,,,,,
362,1722787847.627450000,88.221.83.186,10.0.3.15,UDP,1292,443,50443,,,,,
363,1722787847.627450000,88.221.83.186,10.0.3.15,UDP,1292,443,50443,,,,,
364,1722787847.627513000,10.0.3.15,88.221.83.186,UDP,75,50443,443,,,,,
365,1722787847.627645000,88.221.83.186,10.0.3.15,UDP,1292,443,50443,,,,,
366,1722787847.627645000,88.221.83.186,10.0.3.15,UDP,1292,443,50443,,,,,
367,1722787847.627860000,88.221.83.186,10.0.3.15,UDP,1292,443,50443,,,,,
368,1722787847.627860000,88.221.83.186,10.0.3.15,UDP,1292,443,50443,,,,,
369,1722787847.627967000,88.221.83.186,10.0.3.15,UDP,1292,443,50443,,,,,
370,1722787847.628135000,88.221.83.186,10.0.3.15,UDP,1292,443,50443,,,,,
371,1722787847.628227000,88.221.83.186,10.0.3.15,UDP,1292,443,50443,,,,,
372,1722787847.636909000,10.0.3.15,2.17.107.104,HTTPS,54,49680,443,,,,,
373,1722787847.637210000,2.17.107.104,10.0.3.15,HTTPS,60,443,49680,,,,,
374,1722787847.637458000,10.0.3.15,2.17.107.104,HTTPS,66,49762,443,,,,,
375,1722787847.638074000,10.0.3.15,2.17.107.104,HTTPS,66,49763,443,,,,,
376,1722787847.639695000,10.0.3.15,88.221.83.186,UDP,76,50443,443,,,,,
377,1722787847.656368000,88.221.83.186,10.0.3.15,UDP,1292,443,50443,,,,,
378,1722787847.656628000,88.221.83.186,10.0.3.15,UDP,1292,443,50443,,,,,
379,1722787847.656628000,88.221.83.186,10.0.3.15,UDP,1292,443,50443,,,,,
380,1722787847.656628000,88.221.83.186,10.0.3.15,UDP,1292,443,50443,,,,,
381,1722787847.656740000,88.221.83.186,10.0.3.15,UDP,1292,443,50443,,,,,
382,1722787847.656841000,88.221.83.186,10.0.3.15,UDP,1292,443,50443,,,,,
383,1722787847.656962000,88.221.83.186,10.0.3.15,UDP,1292,443,50443,,,,,
384,1722787847.656962000,88.221.83.186,10.0.3.15,UDP,1292,443,50443,,,,,
385,1722787847.657134000,88.221.83.186,10.0.3.15,UDP,1292,443,50443,,,,,
386,1722787847.657288000,88.221.83.186,10.0.3.15,UDP,1292,443,50443,,,,,
387,1722787847.657288000,88.221.83.186,10.0.3.15,UDP,1292,443,50443,,,,,
388,1722787847.657440000,88.221.83.186,10.0.3.15,UDP,1292,443,50443,,,,,
389,1722787847.657504000,10.0.3.15,88.221.83.186,UDP,75,50443,443,,,,,
390,1722787847.657657000,88.221.83.186,10.0.3.15,UDP,1292,443,50443,,,,,
391,1722787847.657657000,88.221.83.186,10.0.3.15,UDP,1292,443,50443,,,,,
392,1722787847.657782000,88.221.83.186,10.0.3.15,UDP,1292,443,50443,,,,,
393,1722787847.657865000,88.221.83.186,10.0.3.15,UDP,1292,443,50443,,,,,
394,1722787847.657973000,88.221.83.186,10.0.3.15,UDP,1292,443,50443,,,,,
395,1722787847.658057000,88.221.83.186,10.0.3.15,UDP,1292,443,50443,,,,,
396,1722787847.658136000,88.221.83.186,10.0.3.15,UDP,1292,443,50443,,,,,
397,1722787847.658352000,88.221.83.186,10.0.3.15,UDP,1292,443,50443,,,,,
398,1722787847.658352000,88.221.83.186,10.0.3.15,UDP,1292,443,50443,,,,,
399,1722787847.658652000,88.221.83.186,10.0.3.15,UDP,1292,443,50443,,,,,
400,1722787847.658658000,10.0.3.15,88.221.83.186,UDP,80,50443,443,,,,,
401,1722787847.658652000,88.221.83.186,10.0.3.15,UDP,1292,443,50443,,,,,
402,1722787847.658652000,88.221.83.186,10.0.3.15,UDP,1292,443,50443,,,,,
403,1722787847.659060000,88.221.83.186,10.0.3.15,UDP,1292,443,50443,,,,,
404,1722787847.659060000,88.221.83.186,10.0.3.15,UDP,1292,443,50443,,,,,
405,1722787847.659060000,88.221.83.186,10.0.3.15,UDP,1292,443,50443,,,,,
406,1722787847.659246000,88.221.83.186,10.0.3.15,UDP,1292,443,50443,,,,,
407,1722787847.660838000,88.221.83.186,10.0.3.15,UDP,1292,443,50443,,,,,
408,1722787847.660986000,88.221.83.186,10.0.3.15,UDP,1292,443,50443,,,,,
409,1722787847.661263000,10.0.3.15,88.221.83.186,UDP,75,50443,443,,,,,
410,1722787847.663141000,2.17.107.104,10.0.3.15,HTTPS,60,443,49762,,,,,
411,1722787847.663233000,10.0.3.15,2.17.107.104,HTTPS,54,49762,443,,,,,
412,1722787847.663331000,2.17.107.104,10.0.3.15,HTTPS,60,443,49763,,,,,
413,1722787847.663373000,10.0.3.15,2.17.107.104,HTTPS,54,49763,443,,,,,
414,1722787847.664676000,10.0.3.15,2.17.107.104,HTTPS,643,49763,443,,,,,
415,1722787847.664929000,2.17.107.104,10.0.3.15,HTTPS,60,443,49763,,,,,
416,1722787847.666699000,10.0.3.15,2.17.107.104,HTTPS,643,49762,443,,,,,
417,1722787847.667084000,2.17.107.104,10.0.3.15,HTTPS,60,443,49762,,,,,
418,1722787847.672076000,52.168.117.173,10.0.3.15,HTTPS,60,443,49761,,,,,
419,1722787847.672171000,10.0.3.15,52.168.117.173,HTTPS,54,49761,443,,,,,
420,1722787847.673537000,10.0.3.15,52.168.117.173,HTTPS,347,49761,443,,,,,
421,1722787847.674616000,52.168.117.173,10.0.3.15,HTTPS,60,443,49761,,,,,
422,1722787847.681054000,88.221.83.186,10.0.3.15,UDP,1292,443,50443,,,,,
423,1722787847.681170000,88.221.83.186,10.0.3.15,UDP,1292,443,50443,,,,,
424,1722787847.681170000,88.221.83.186,10.0.3.15,UDP,1292,443,50443,,,,,
425,1722787847.681241000,88.221.83.186,10.0.3.15,UDP,1292,443,50443,,,,,
426,1722787847.681855000,88.221.83.186,10.0.3.15,UDP,1292,443,50443,,,,,
427,1722787847.681969000,88.221.83.186,10.0.3.15,UDP,640,443,50443,,,,,
428,1722787847.682056000,88.221.83.186,10.0.3.15,UDP,1292,443,50443,,,,,
429,1722787847.682115000,88.221.83.186,10.0.3.15,UDP,1292,443,50443,,,,,
430,1722787847.682212000,88.221.83.186,10.0.3.15,UDP,1292,443,50443,,,,,
431,1722787847.682298000,88.221.83.186,10.0.3.15,UDP,1292,443,50443,,,,,
432,1722787847.682369000,10.0.3.15,88.221.83.186,UDP,75,50443,443,,,,,
433,1722787847.682418000,88.221.83.186,10.0.3.15,UDP,1292,443,50443,,,,,
434,1722787847.682509000,88.221.83.186,10.0.3.15,UDP,1292,443,50443,,,,,
435,1722787847.682756000,88.221.83.186,10.0.3.15,UDP,1292,443,50443,,,,,
436,1722787847.682990000,88.221.83.186,10.0.3.15,UDP,1292,443,50443,,,,,
437,1722787847.683252000,88.221.83.186,10.0.3.15,UDP,1292,443,50443,,,,,
438,1722787847.683252000,88.221.83.186,10.0.3.15,UDP,1292,443,50443,,,,,
439,1722787847.683252000,2.17.107.104,10.0.3.15,HTTPS,318,443,49763,,,,,
440,1722787847.683319000,10.0.3.15,2.17.107.104,HTTPS,54,49763,443,,,,,
441,1722787847.684355000,10.0.3.15,2.17.107.104,HTTPS,134,49763,443,,,,,
442,1722787847.684597000,10.0.3.15,2.17.107.104,HTTPS,134,49763,443,,,,,
443,1722787847.684657000,2.17.107.104,10.0.3.15,HTTPS,60,443,49763,,,,,
444,1722787847.684711000,10.0.3.15,2.17.107.104,HTTPS,2476,49763,443,,,,,
445,1722787847.684804000,2.17.107.104,10.0.3.15,HTTPS,60,443,49763,,,,,
446,1722787847.684804000,2.17.107.104,10.0.3.15,HTTPS,60,443,49763,,,,,
447,1722787847.684867000,10.0.3.15,2.17.107.104,HTTPS,11283,49763,443,,,,,
448,1722787847.684954000,10.0.3.15,2.17.107.104,HTTPS,85,49763,443,,,,,
449,1722787847.684959000,2.17.107.104,10.0.3.15,HTTPS,60,443,49763,,,,,
450,1722787847.685105000,2.17.107.104,10.0.3.15,HTTPS,60,443,49763,,,,,
451,1722787847.685105000,2.17.107.104,10.0.3.15,HTTPS,60,443,49763,,,,,
452,1722787847.685105000,2.17.107.104,10.0.3.15,HTTPS,60,443,49763,,,,,
453,1722787847.685105000,2.17.107.104,10.0.3.15,HTTPS,60,443,49763,,,,,
454,1722787847.685105000,2.17.107.104,10.0.3.15,HTTPS,60,443,49763,,,,,
455,1722787847.685105000,2.17.107.104,10.0.3.15,HTTPS,60,443,49763,,,,,
456,1722787847.685105000,2.17.107.104,10.0.3.15,HTTPS,60,443,49763,,,,,
457,1722787847.685105000,2.17.107.104,10.0.3.15,HTTPS,60,443,49763,,,,,
458,1722787847.685105000,2.17.107.104,10.0.3.15,HTTPS,60,443,49763,,,,,
459,1722787847.689049000,10.0.3.15,88.221.83.186,UDP,76,50443,443,,,,,
460,1722787847.696251000,2.17.107.104,10.0.3.15,HTTPS,318,443,49762,,,,,
461,1722787847.696299000,10.0.3.15,2.17.107.104,HTTPS,54,49762,443,,,,,
462,1722787847.697199000,10.0.3.15,2.17.107.104,HTTPS,134,49762,443,,,,,
463,1722787847.697338000,2.17.107.104,10.0.3.15,HTTPS,60,443,49762,,,,,
464,1722787847.697475000,10.0.3.15,2.17.107.104,HTTPS,134,49762,443,,,,,
465,1722787847.697596000,2.17.107.104,10.0.3.15,HTTPS,60,443,49762,,,,,
466,1722787847.697656000,10.0.3.15,2.17.107.104,HTTPS,635,49763,443,,,,,
467,1722787847.697761000,2.17.107.104,10.0.3.15,HTTPS,60,443,49763,,,,,
468,1722787847.721378000,10.0.3.15,88.221.83.186,UDP,73,50443,443,,,,,
469,1722787847.743146000,88.221.83.186,10.0.3.15,UDP,1292,443,50443,,,,,
470,1722787847.743146000,88.221.83.186,10.0.3.15,UDP,1292,443,50443,,,,,
471,1722787847.743265000,88.221.83.186,10.0.3.15,UDP,1292,443,50443,,,,,
472,1722787847.743327000,88.221.83.186,10.0.3.15,UDP,1292,443,50443,,,,,
473,1722787847.744085000,88.221.83.186,10.0.3.15,UDP,1292,443,50443,,,,,
474,1722787847.746614000,88.221.83.186,10.0.3.15,UDP,1292,443,50443,,,,,
475,1722787847.746614000,88.221.83.186,10.0.3.15,UDP,1292,443,50443,,,,,
476,1722787847.746727000,88.221.83.186,10.0.3.15,UDP,1292,443,50443,,,,,
477,1722787847.746819000,88.221.83.186,10.0.3.15,UDP,1292,443,50443,,,,,
478,1722787847.746920000,88.221.83.186,10.0.3.15,UDP,1292,443,50443,,,,,
479,1722787847.747011000,10.0.3.15,88.221.83.186,UDP,75,50443,443,,,,,
480,1722787847.747040000,88.221.83.186,10.0.3.15,UDP,1292,443,50443,,,,,
481,1722787847.747155000,88.221.83.186,10.0.3.15,UDP,1292,443,50443,,,,,
482,1722787847.747225000,88.221.83.186,10.0.3.15,UDP,1292,443,50443,,,,,
483,1722787847.747357000,88.221.83.186,10.0.3.15,UDP,1292,443,50443,,,,,
484,1722787847.747464000,88.221.83.186,10.0.3.15,UDP,1292,443,50443,,,,,
485,1722787847.747547000,88.221.83.186,10.0.3.15,UDP,1292,443,50443,,,,,
486,1722787847.747654000,88.221.83.186,10.0.3.15,UDP,1292,443,50443,,,,,
487,1722787847.747779000,88.221.83.186,10.0.3.15,UDP,1292,443,50443,,,,,
488,1722787847.747876000,88.221.83.186,10.0.3.15,UDP,1292,443,50443,,,,,
489,1722787847.748005000,88.221.83.186,10.0.3.15,UDP,1292,443,50443,,,,,
490,1722787847.748075000,88.221.83.186,10.0.3.15,UDP,1292,443,50443,,,,,
491,1722787847.748134000,10.0.3.15,88.221.83.186,UDP,75,50443,443,,,,,
492,1722787847.748204000,88.221.83.186,10.0.3.15,UDP,1292,443,50443,,,,,
493,1722787847.748302000,88.221.83.186,10.0.3.15,UDP,1292,443,50443,,,,,
494,1722787847.748494000,88.221.83.186,10.0.3.15,UDP,1292,443,50443,,,,,
495,1722787847.748494000,88.221.83.186,10.0.3.15,UDP,1292,443,50443,,,,,
496,1722787847.748630000,88.221.83.186,10.0.3.15,UDP,1292,443,50443,,,,,
497,1722787847.748725000,88.221.83.186,10.0.3.15,UDP,1292,443,50443,,,,,
498,1722787847.748833000,88.221.83.186,10.0.3.15,UDP,1292,443,50443,,,,,
499,1722787847.748925000,88.221.83.186,10.0.3.15,UDP,1292,443,50443,,,,,
500,1722787847.749033000,88.221.83.186,10.0.3.15,UDP,1292,443,50443,,,,,
501,1722787847.749134000,88.221.83.186,10.0.3.15,UDP,1292,443,50443,,,,,
502,1722787847.749146000,10.0.3.15,88.221.83.186,UDP,75,50443,443,,,,,
503,1722787847.749209000,88.221.83.186,10.0.3.15,UDP,1292,443,50443,,,,,
504,1722787847.749340000,88.221.83.186,10.0.3.15,UDP,1292,443,50443,,,,,
505,1722787847.749436000,88.221.83.186,10.0.3.15,UDP,1292,443,50443,,,,,
506,1722787847.749549000,88.221.83.186,10.0.3.15,UDP,1292,443,50443,,,,,
507,1722787847.749642000,88.221.83.186,10.0.3.15,UDP,1292,443,50443,,,,,
508,1722787847.749758000,88.221.83.186,10.0.3.15,UDP,1292,443,50443,,,,,
509,1722787847.749903000,88.221.83.186,10.0.3.15,UDP,1292,443,50443,,,,,
510,1722787847.749967000,88.221.83.186,10.0.3.15,UDP,1292,443,50443,,,,,
511,1722787847.750094000,88.221.83.186,10.0.3.15,UDP,1292,443,50443,,,,,
512,1722787847.750175000,10.0.3.15,88.221.83.186,UDP,75,50443,443,,,,,
513,1722787847.750204000,88.221.83.186,10.0.3.15,UDP,1292,443,50443,,,,,
514,1722787847.750317000,88.221.83.186,10.0.3.15,UDP,1292,443,50443,,,,,
515,1722787847.750317000,2.17.107.104,10.0.3.15,HTTPS,341,443,49762,,,,,
516,1722787847.750385000,10.0.3.15,2.17.107.104,HTTPS,54,49762,443,,,,,
517,1722787847.750484000,88.221.83.186,10.0.3.15,UDP,1292,443,50443,,,,,
518,1722787847.750556000,88.221.83.186,10.0.3.15,UDP,1292,443,50443,,,,,
519,1722787847.750616000,88.221.83.186,10.0.3.15,UDP,1292,443,50443,,,,,
520,1722787847.750735000,88.221.83.186,10.0.3.15,UDP,1292,443,50443,,,,,
521,1722787847.750861000,88.221.83.186,10.0.3.15,UDP,1292,443,50443,,,,,
522,1722787847.750963000,88.221.83.186,10.0.3.15,UDP,1292,443,50443,,,,,
523,1722787847.751051000,88.221.83.186,10.0.3.15,UDP,1292,443,50443,,,,,
524,1722787847.751159000,88.221.83.186,10.0.3.15,UDP,1292,443,50443,,,,,
525,1722787847.751251000,10.0.3.15,88.221.83.186,UDP,75,50443,443,,,,,
526,1722787847.751269000,88.221.83.186,10.0.3.15,UDP,1292,443,50443,,,,,
527,1722787847.751380000,88.221.83.186,10.0.3.15,UDP,1292,443,50443,,,,,
528,1722787847.751519000,88.221.83.186,10.0.3.15,UDP,1292,443,50443,,,,,
529,1722787847.751590000,88.221.83.186,10.0.3.15,UDP,1292,443,50443,,,,,
530,1722787847.751702000,88.221.83.186,10.0.3.15,UDP,1292,443,50443,,,,,
531,1722787847.751840000,88.221.83.186,10.0.3.15,UDP,1292,443,50443,,,,,
532,1722787847.751902000,88.221.83.186,10.0.3.15,UDP,1292,443,50443,,,,,
533,1722787847.752009000,88.221.83.186,10.0.3.15,UDP,1292,443,50443,,,,,
534,1722787847.752141000,88.221.83.186,10.0.3.15,UDP,1292,443,50443,,,,,
535,1722787847.752217000,88.221.83.186,10.0.3.15,UDP,1292,443,50443,,,,,
536,1722787847.752345000,88.221.83.186,10.0.3.15,UDP,1292,443,50443,,,,,
537,1722787847.752359000,10.0.3.15,88.221.83.186,UDP,75,50443,443,,,,,
538,1722787847.752452000,88.221.83.186,10.0.3.15,UDP,1292,443,50443,,,,,
539,1722787847.752534000,88.221.83.186,10.0.3.15,UDP,1292,443,50443,,,,,
540,1722787847.752694000,88.221.83.186,10.0.3.15,UDP,1292,443,50443,,,,,
541,1722787847.752767000,88.221.83.186,10.0.3.15,UDP,1292,443,50443,,,,,
542,1722787847.752858000,88.221.83.186,10.0.3.15,UDP,1292,443,50443,,,,,
543,1722787847.752984000,88.221.83.186,10.0.3.15,UDP,1292,443,50443,,,,,
544,1722787847.753070000,88.221.83.186,10.0.3.15,UDP,1292,443,50443,,,,,
545,1722787847.753152000,88.221.83.186,10.0.3.15,UDP,1292,443,50443,,,,,
546,1722787847.753257000,88.221.83.186,10.0.3.15,UDP,1292,443,50443,,,,,
547,1722787847.753391000,10.0.3.15,88.221.83.186,UDP,75,50443,443,,,,,
548,1722787847.753468000,88.221.83.186,10.0.3.15,UDP,391,443,50443,,,,,
549,1722787847.753468000,88.221.83.186,10.0.3.15,UDP,70,443,50443,,,,,
550,1722787847.753468000,2.17.107.104,10.0.3.15,HTTPS,341,443,49763,,,,,
551,1722787847.753468000,13.89.179.9,10.0.3.15,HTTPS,153,443,49760,,,,,
552,1722787847.753704000,10.0.3.15,2.17.107.104,HTTPS,54,49763,443,,,,,
553,1722787847.754458000,10.0.3.15,13.89.179.9,HTTPS,669,49760,443,,,,,
554,1722787847.754584000,13.89.179.9,10.0.3.15,HTTPS,60,443,49760,,,,,
555,1722787847.769029000,10.0.3.15,88.221.83.186,UDP,76,50443,443,,,,,
556,1722787847.770227000,2.17.107.104,10.0.3.15,HTTPS,146,443,49763,,,,,
557,1722787847.770358000,10.0.3.15,2.17.107.104,HTTPS,54,49763,443,,,,,
558,1722787847.770671000,10.0.3.15,2.17.107.104,HTTPS,85,49763,443,,,,,
559,1722787847.770869000,2.17.107.104,10.0.3.15,HTTPS,60,443,49763,,,,,
560,1722787847.773328000,52.168.117.173,10.0.3.15,HTTPS,153,443,49761,,,,,
561,1722787847.773437000,2.17.107.104,10.0.3.15,HTTPS,146,443,49762,,,,,
562,1722787847.773470000,10.0.3.15,2.17.107.104,HTTPS,54,49762,443,,,,,
563,1722787847.773746000,10.0.3.15,2.17.107.104,HTTPS,85,49762,443,,,,,
564,1722787847.775134000,2.17.107.104,10.0.3.15,HTTPS,60,443,49762,,,,,
565,1722787847.777501000,10.0.3.15,52.168.117.173,HTTPS,418,49761,443,,,,,
566,1722787847.777628000,52.168.117.173,10.0.3.15,HTTPS,60,443,49761,,,,,
567,1722787847.810030000,88.221.83.186,10.0.3.15,UDP,1292,443,50443,,,,,
568,1722787847.810030000,88.221.83.186,10.0.3.15,UDP,1292,443,50443,,,,,
569,1722787847.810030000,88.221.83.186,10.0.3.15,UDP,1292,443,50443,,,,,
570,1722787847.810162000,88.221.83.186,10.0.3.15,UDP,1292,443,50443,,,,,
571,1722787847.810273000,88.221.83.186,10.0.3.15,UDP,1292,443,50443,,,,,
572,1722787847.811872000,88.221.83.186,10.0.3.15,UDP,1292,443,50443,,,,,
573,1722787847.812069000,88.221.83.186,10.0.3.15,UDP,1292,443,50443,,,,,
574,1722787847.812069000,88.221.83.186,10.0.3.15,UDP,1292,443,50443,,,,,
575,1722787847.812153000,88.221.83.186,10.0.3.15,UDP,1292,443,50443,,,,,
576,1722787847.812259000,88.221.83.186,10.0.3.15,UDP,1292,443,50443,,,,,
577,1722787847.812358000,88.221.83.186,10.0.3.15,UDP,1292,443,50443,,,,,
578,1722787847.812373000,10.0.3.15,88.221.83.186,UDP,75,50443,443,,,,,
579,1722787847.812985000,88.221.83.186,10.0.3.15,UDP,1292,443,50443,,,,,
580,1722787847.812985000,88.221.83.186,10.0.3.15,UDP,1292,443,50443,,,,,
581,1722787847.812985000,88.221.83.186,10.0.3.15,UDP,1292,443,50443,,,,,
582,1722787847.812985000,88.221.83.186,10.0.3.15,UDP,1292,443,50443,,,,,
583,1722787847.812985000,88.221.83.186,10.0.3.15,UDP,1292,443,50443,,,,,
584,1722787847.812985000,88.221.83.186,10.0.3.15,UDP,1292,443,50443,,,,,
585,1722787847.813099000,88.221.83.186,10.0.3.15,UDP,1292,443,50443,,,,,
586,1722787847.813633000,88.221.83.186,10.0.3.15,UDP,1292,443,50443,,,,,
587,1722787847.813738000,88.221.83.186,10.0.3.15,UDP,1292,443,50443,,,,,
588,1722787847.813850000,10.0.3.15,88.221.83.186,UDP,75,50443,443,,,,,
589,1722787847.819602000,88.221.83.186,10.0.3.15,UDP,1292,443,50443,,,,,
590,1722787847.819743000,88.221.83.186,10.0.3.15,UDP,1292,443,50443,,,,,
591,1722787847.819743000,88.221.83.186,10.0.3.15,UDP,1292,443,50443,,,,,
592,1722787847.819743000,88.221.83.186,10.0.3.15,UDP,1292,443,50443,,,,,
593,1722787847.820280000,88.221.83.186,10.0.3.15,UDP,1292,443,50443,,,,,
594,1722787847.820462000,88.221.83.186,10.0.3.15,UDP,1292,443,50443,,,,,
595,1722787847.820462000,88.221.83.186,10.0.3.15,UDP,1292,443,50443,,,,,
596,1722787847.820563000,88.221.83.186,10.0.3.15,UDP,1292,443,50443,,,,,
597,1722787847.820655000,88.221.83.186,10.0.3.15,UDP,1292,443,50443,,,,,
598,1722787847.820763000,88.221.83.186,10.0.3.15,UDP,1292,443,50443,,,,,
599,1722787847.820865000,88.221.83.186,10.0.3.15,UDP,1292,443,50443,,,,,
600,1722787847.820911000,10.0.3.15,88.221.83.186,UDP,75,50443,443,,,,,
601,1722787847.820960000,88.221.83.186,10.0.3.15,UDP,1292,443,50443,,,,,
602,1722787847.821296000,88.221.83.186,10.0.3.15,UDP,1292,443,50443,,,,,
603,1722787847.821399000,88.221.83.186,10.0.3.15,UDP,1292,443,50443,,,,,
604,1722787847.821495000,88.221.83.186,10.0.3.15,UDP,1292,443,50443,,,,,
605,1722787847.821597000,88.221.83.186,10.0.3.15,UDP,1292,443,50443,,,,,
606,1722787847.821706000,88.221.83.186,10.0.3.15,UDP,1292,443,50443,,,,,
607,1722787847.821809000,88.221.83.186,10.0.3.15,UDP,1292,443,50443,,,,,
608,1722787847.821929000,88.221.83.186,10.0.3.15,UDP,1292,443,50443,,,,,
609,1722787847.822014000,88.221.83.186,10.0.3.15,UDP,1292,443,50443,,,,,
610,1722787847.822079000,10.0.3.15,88.221.83.186,UDP,75,50443,443,,,,,
611,1722787847.822115000,88.221.83.186,10.0.3.15,UDP,1292,443,50443,,,,,
612,1722787847.822242000,88.221.83.186,10.0.3.15,UDP,1292,443,50443,,,,,
613,1722787847.822328000,88.221.83.186,10.0.3.15,UDP,1292,443,50443,,,,,
614,1722787847.822437000,88.221.83.186,10.0.3.15,UDP,1292,443,50443,,,,,
615,1722787847.822539000,88.221.83.186,10.0.3.15,UDP,1292,443,50443,,,,,
616,1722787847.822845000,88.221.83.186,10.0.3.15,UDP,1292,443,50443,,,,,
617,1722787847.822940000,88.221.83.186,10.0.3.15,UDP,1292,443,50443,,,,,
618,1722787847.822995000,10.0.3.15,13.107.21.239,HTTPS,66,49764,443,,,,,
619,1722787847.823053000,88.221.83.186,10.0.3.15,UDP,1292,443,50443,,,,,
620,1722787847.823218000,88.221.83.186,10.0.3.15,UDP,1292,443,50443,,,,,
621,1722787847.823266000,88.221.83.186,10.0.3.15,UDP,1292,443,50443,,,,,
622,1722787847.823378000,88.221.83.186,10.0.3.15,UDP,1292,443,50443,,,,,
623,1722787847.823446000,10.0.3.15,88.221.83.186,UDP,75,50443,443,,,,,
624,1722787847.823448000,88.221.83.186,10.0.3.15,UDP,1292,443,50443,,,,,
625,1722787847.823593000,88.221.83.186,10.0.3.15,UDP,1292,443,50443,,,,,
626,1722787847.823681000,88.221.83.186,10.0.3.15,UDP,1292,443,50443,,,,,
627,1722787847.823806000,88.221.83.186,10.0.3.15,UDP,1292,443,50443,,,,,
628,1722787847.823900000,88.221.83.186,10.0.3.15,UDP,1292,443,50443,,,,,
629,1722787847.827228000,88.221.83.186,10.0.3.15,UDP,1292,443,50443,,,,,
630,1722787847.827314000,88.221.83.186,10.0.3.15,UDP,1292,443,50443,,,,,
631,1722787847.827398000,88.221.83.186,10.0.3.15,UDP,1292,443,50443,,,,,
632,1722787847.827463000,88.221.83.186,10.0.3.15,UDP,1292,443,50443,,,,,
633,1722787847.827567000,10.0.3.15,88.221.83.186,UDP,75,50443,443,,,,,
634,1722787847.827595000,88.221.83.186,10.0.3.15,UDP,1292,443,50443,,,,,
635,1722787847.827661000,88.221.83.186,10.0.3.15,UDP,1292,443,50443,,,,,
636,1722787847.827833000,88.221.83.186,10.0.3.15,UDP,1292,443,50443,,,,,
637,1722787847.827909000,88.221.83.186,10.0.3.15,UDP,1292,443,50443,,,,,
638,1722787847.828020000,88.221.83.186,10.0.3.15,UDP,1292,443,50443,,,,,
639,1722787847.828113000,88.221.83.186,10.0.3.15,UDP,1292,443,50443,,,,,
640,1722787847.828230000,88.221.83.186,10.0.3.15,UDP,1292,443,50443,,,,,
641,1722787847.828339000,88.221.83.186,10.0.3.15,UDP,1292,443,50443,,,,,
642,1722787847.828439000,88.221.83.186,10.0.3.15,UDP,1292,443,50443,,,,,
643,1722787847.828539000,88.221.83.186,10.0.3.15,UDP,1292,443,50443,,,,,
644,1722787847.828627000,10.0.3.15,88.221.83.186,UDP,75,50443,443,,,,,
645,1722787847.828640000,88.221.83.186,10.0.3.15,UDP,1292,443,50443,,,,,
646,1722787847.828772000,88.221.83.186,10.0.3.15,UDP,1292,443,50443,,,,,
647,1722787847.828856000,88.221.83.186,10.0.3.15,UDP,1292,443,50443,,,,,
648,1722787847.828961000,88.221.83.186,10.0.3.15,UDP,1292,443,50443,,,,,
649,1722787847.829067000,88.221.83.186,10.0.3.15,UDP,1292,443,50443,,,,,
650,1722787847.829174000,88.221.83.186,10.0.3.15,UDP,1292,443,50443,,,,,
651,1722787847.829293000,88.221.83.186,10.0.3.15,UDP,1292,443,50443,,,,,
652,1722787847.829377000,88.221.83.186,10.0.3.15,UDP,1292,443,50443,,,,,
653,1722787847.829483000,88.221.83.186,10.0.3.15,UDP,1292,443,50443,,,,,
654,1722787847.829579000,88.221.83.186,10.0.3.15,UDP,1292,443,50443,,,,,
655,1722787847.829676000,88.221.83.186,10.0.3.15,UDP,391,443,50443,,,,,
656,1722787847.829689000,10.0.3.15,88.221.83.186,UDP,75,50443,443,,,,,
657,1722787847.833346000,88.221.83.186,10.0.3.15,UDP,1292,443,50443,,,,,
658,1722787847.833707000,88.221.83.186,10.0.3.15,UDP,1292,443,50443,,,,,
659,1722787847.834653000,88.221.83.186,10.0.3.15,UDP,1292,443,50443,,,,,
660,1722787847.834743000,88.221.83.186,10.0.3.15,UDP,1292,443,50443,,,,,
661,1722787847.834760000,10.0.3.15,88.221.83.186,UDP,75,50443,443,,,,,
662,1722787847.834870000,88.221.83.186,10.0.3.15,UDP,1292,443,50443,,,,,
663,1722787847.836711000,88.221.83.186,10.0.3.15,UDP,1292,443,50443,,,,,
664,1722787847.836786000,88.221.83.186,10.0.3.15,UDP,1292,443,50443,,,,,
665,1722787847.836908000,88.221.83.186,10.0.3.15,UDP,1292,443,50443,,,,,
666,1722787847.837000000,88.221.83.186,10.0.3.15,UDP,1292,443,50443,,,,,
667,1722787847.837100000,88.221.83.186,10.0.3.15,UDP,1292,443,50443,,,,,
668,1722787847.837239000,88.221.83.186,10.0.3.15,UDP,1292,443,50443,,,,,
669,1722787847.837317000,88.221.83.186,10.0.3.15,UDP,1292,443,50443,,,,,
670,1722787847.837422000,88.221.83.186,10.0.3.15,UDP,1292,443,50443,,,,,
671,1722787847.837526000,10.0.3.15,88.221.83.186,UDP,75,50443,443,,,,,
672,1722787847.837540000,88.221.83.186,10.0.3.15,UDP,1292,443,50443,,,,,
673,1722787847.837644000,88.221.83.186,10.0.3.15,UDP,1292,443,50443,,,,,
674,1722787847.837738000,88.221.83.186,10.0.3.15,UDP,1292,443,50443,,,,,
675,1722787847.837842000,88.221.83.186,10.0.3.15,UDP,1292,443,50443,,,,,
676,1722787847.837972000,88.221.83.186,10.0.3.15,UDP,1292,443,50443,,,,,
677,1722787847.838170000,88.221.83.186,10.0.3.15,UDP,1292,443,50443,,,,,
678,1722787847.838170000,88.221.83.186,10.0.3.15,UDP,1292,443,50443,,,,,
679,1722787847.838305000,88.221.83.186,10.0.3.15,UDP,1292,443,50443,,,,,
680,1722787847.838425000,88.221.83.186,10.0.3.15,UDP,1292,443,50443,,,,,
681,1722787847.838494000,88.221.83.186,10.0.3.15,UDP,1292,443,50443,,,,,
682,1722787847.838603000,88.221.83.186,10.0.3.15,UDP,1292,443,50443,,,,,
683,1722787847.838653000,10.0.3.15,88.221.83.186,UDP,75,50443,443,,,,,
684,1722787847.838707000,88.221.83.186,10.0.3.15,UDP,1292,443,50443,,,,,
685,1722787847.838803000,88.221.83.186,10.0.3.15,UDP,1292,443,50443,,,,,
686,1722787847.838910000,88.221.83.186,10.0.3.15,UDP,1292,443,50443,,,,,
687,1722787847.839029000,88.221.83.186,10.0.3.15,UDP,1292,443,50443,,,,,
688,1722787847.839136000,88.221.83.186,10.0.3.15,UDP,1292,443,50443,,,,,
689,1722787847.839240000,88.221.83.186,10.0.3.15,UDP,1292,443,50443,,,,,
690,1722787847.839380000,88.221.83.186,10.0.3.15,UDP,1292,443,50443,,,,,
691,1722787847.839433000,88.221.83.186,10.0.3.15,UDP,1292,443,50443,,,,,
692,1722787847.839543000,88.221.83.186,10.0.3.15,UDP,1292,443,50443,,,,,
693,1722787847.839637000,88.221.83.186,10.0.3.15,UDP,1292,443,50443,,,,,
694,1722787847.839678000,10.0.3.15,88.221.83.186,UDP,80,50443,443,,,,,
695,1722787847.839767000,88.221.83.186,10.0.3.15,UDP,1292,443,50443,,,,,
696,1722787847.839848000,88.221.83.186,10.0.3.15,UDP,1292,443,50443,,,,,
697,1722787847.839973000,88.221.83.186,10.0.3.15,UDP,1292,443,50443,,,,,
698,1722787847.840068000,88.221.83.186,10.0.3.15,UDP,1292,443,50443,,,,,
699,1722787847.840170000,88.221.83.186,10.0.3.15,UDP,1292,443,50443,,,,,
700,1722787847.840276000,88.221.83.186,10.0.3.15,UDP,1292,443,50443,,,,,
701,1722787847.840385000,88.221.83.186,10.0.3.15,UDP,1292,443,50443,,,,,
702,1722787847.840491000,88.221.83.186,10.0.3.15,UDP,1292,443,50443,,,,,
703,1722787847.840592000,88.221.83.186,10.0.3.15,UDP,1292,443,50443,,,,,
704,1722787847.840705000,88.221.83.186,10.0.3.15,UDP,1292,443,50443,,,,,
705,1722787847.840704000,10.0.3.15,88.221.83.186,UDP,75,50443,443,,,,,
706,1722787847.840809000,88.221.83.186,10.0.3.15,UDP,1292,443,50443,,,,,
707,1722787847.840910000,88.221.83.186,10.0.3.15,UDP,1292,443,50443,,,,,
708,1722787847.841038000,88.221.83.186,10.0.3.15,UDP,1292,443,50443,,,,,
709,1722787847.841134000,88.221.83.186,10.0.3.15,UDP,1292,443,50443,,,,,
710,1722787847.841231000,88.221.83.186,10.0.3.15,UDP,1292,443,50443,,,,,
711,1722787847.841325000,88.221.83.186,10.0.3.15,UDP,1292,443,50443,,,,,
712,1722787847.841449000,88.221.83.186,10.0.3.15,UDP,1292,443,50443,,,,,
713,1722787847.841543000,88.221.83.186,10.0.3.15,UDP,1292,443,50443,,,,,
714,1722787847.841638000,88.221.83.186,10.0.3.15,UDP,1292,443,50443,,,,,
715,1722787847.841742000,88.221.83.186,10.0.3.15,UDP,1292,443,50443,,,,,
716,1722787847.841788000,10.0.3.15,88.221.83.186,UDP,75,50443,443,,,,,
717,1722787847.841855000,88.221.83.186,10.0.3.15,UDP,1292,443,50443,,,,,
718,1722787847.841958000,88.221.83.186,10.0.3.15,UDP,1292,443,50443,,,,,
719,1722787847.842065000,88.221.83.186,10.0.3.15,UDP,1292,443,50443,,,,,
720,1722787847.842164000,88.221.83.186,10.0.3.15,UDP,1292,443,50443,,,,,
721,1722787847.842273000,88.221.83.186,10.0.3.15,UDP,1292,443,50443,,,,,
722,1722787847.842426000,13.107.21.239,10.0.3.15,HTTPS,60,443,49764,,,,,
723,1722787847.842486000,10.0.3.15,13.107.21.239,HTTPS,54,49764,443,,,,,
724,1722787847.842567000,88.221.83.186,10.0.3.15,UDP,1292,443,50443,,,,,
725,1722787847.842567000,88.221.83.186,10.0.3.15,UDP,1292,443,50443,,,,,
726,1722787847.842677000,88.221.83.186,10.0.3.15,UDP,1292,443,50443,,,,,
727,1722787847.842781000,88.221.83.186,10.0.3.15,UDP,1292,443,50443,,,,,
728,1722787847.842878000,88.221.83.186,10.0.3.15,UDP,1292,443,50443,,,,,
729,1722787847.842964000,88.221.83.186,10.0.3.15,UDP,1292,443,50443,,,,,
730,1722787847.842982000,10.0.3.15,13.107.21.239,HTTPS,1846,49764,443,,,,,
731,1722787847.843039000,88.221.83.186,10.0.3.15,UDP,1292,443,50443,,,,,
732,1722787847.843135000,10.0.3.15,88.221.83.186,UDP,75,50443,443,,,,,
733,1722787847.843149000,88.221.83.186,10.0.3.15,UDP,1292,443,50443,,,,,
734,1722787847.843149000,13.107.21.239,10.0.3.15,HTTPS,60,443,49764,,,,,
735,1722787847.843149000,13.107.21.239,10.0.3.15,HTTPS,60,443,49764,,,,,
736,1722787847.843217000,88.221.83.186,10.0.3.15,UDP,1292,443,50443,,,,,
737,1722787847.843355000,88.221.83.186,10.0.3.15,UDP,1292,443,50443,,,,,
738,1722787847.843450000,88.221.83.186,10.0.3.15,UDP,1292,443,50443,,,,,
739,1722787847.843545000,88.221.83.186,10.0.3.15,UDP,1292,443,50443,,,,,
740,1722787847.843661000,88.221.83.186,10.0.3.15,UDP,1292,443,50443,,,,,
741,1722787847.843795000,88.221.83.186,10.0.3.15,UDP,1292,443,50443,,,,,
742,1722787847.843876000,88.221.83.186,10.0.3.15,UDP,1292,443,50443,,,,,
743,1722787847.843885000,10.0.3.15,88.221.83.186,UDP,75,50443,443,,,,,
744,1722787847.844008000,88.221.83.186,10.0.3.15,UDP,1292,443,50443,,,,,
745,1722787847.844074000,88.221.83.186,10.0.3.15,UDP,1292,443,50443,,,,,
746,1722787847.844186000,88.221.83.186,10.0.3.15,UDP,1292,443,50443,,,,,
747,1722787847.844280000,88.221.83.186,10.0.3.15,UDP,1292,443,50443,,,,,
748,1722787847.844393000,88.221.83.186,10.0.3.15,UDP,1292,443,50443,,,,,
749,1722787847.844500000,88.221.83.186,10.0.3.15,UDP,1292,443,50443,,,,,
750,1722787847.844669000,88.221.83.186,10.0.3.15,UDP,1292,443,50443,,,,,
751,1722787847.844778000,88.221.83.186,10.0.3.15,UDP,1292,443,50443,,,,,
752,1722787847.844920000,88.221.83.186,10.0.3.15,UDP,1292,443,50443,,,,,
753,1722787847.844920000,88.221.83.186,10.0.3.15,UDP,1292,443,50443,,,,,
754,1722787847.845020000,88.221.83.186,10.0.3.15,UDP,1292,443,50443,,,,,
755,1722787847.845043000,10.0.3.15,88.221.83.186,UDP,75,50443,443,,,,,
756,1722787847.845144000,88.221.83.186,10.0.3.15,UDP,1292,443,50443,,,,,
757,1722787847.845261000,88.221.83.186,10.0.3.15,UDP,1292,443,50443,,,,,
758,1722787847.845330000,88.221.83.186,10.0.3.15,UDP,1292,443,50443,,,,,
759,1722787847.845465000,88.221.83.186,10.0.3.15,UDP,1292,443,50443,,,,,
760,1722787847.846933000,88.221.83.186,10.0.3.15,UDP,1292,443,50443,,,,,
761,1722787847.846999000,88.221.83.186,10.0.3.15,UDP,1292,443,50443,,,,,
762,1722787847.847115000,88.221.83.186,10.0.3.15,UDP,1292,443,50443,,,,,
763,1722787847.847229000,88.221.83.186,10.0.3.15,UDP,1292,443,50443,,,,,
764,1722787847.847332000,10.0.3.15,88.221.83.186,UDP,75,50443,443,,,,,
765,1722787847.847364000,88.221.83.186,10.0.3.15,UDP,1292,443,50443,,,,,
766,1722787847.847455000,88.221.83.186,10.0.3.15,UDP,1292,443,50443,,,,,
767,1722787847.847538000,88.221.83.186,10.0.3.15,UDP,1292,443,50443,,,,,
768,1722787847.847659000,88.221.83.186,10.0.3.15,UDP,1292,443,50443,,,,,
769,1722787847.847754000,88.221.83.186,10.0.3.15,UDP,1292,443,50443,,,,,
770,1722787847.847864000,88.221.83.186,10.0.3.15,UDP,1292,443,50443,,,,,
771,1722787847.847979000,88.221.83.186,10.0.3.15,UDP,1292,443,50443,,,,,
772,1722787847.848105000,88.221.83.186,10.0.3.15,UDP,1292,443,50443,,,,,
773,1722787847.848215000,88.221.83.186,10.0.3.15,UDP,1292,443,50443,,,,,
774,1722787847.848440000,88.221.83.186,10.0.3.15,UDP,1292,443,50443,,,,,
775,1722787847.848440000,88.221.83.186,10.0.3.15,UDP,1292,443,50443,,,,,
776,1722787847.848540000,10.0.3.15,88.221.83.186,UDP,75,50443,443,,,,,
777,1722787847.848577000,88.221.83.186,10.0.3.15,UDP,1292,443,50443,,,,,
778,1722787847.848638000,88.221.83.186,10.0.3.15,UDP,1292,443,50443,,,,,
779,1722787847.848745000,88.221.83.186,10.0.3.15,UDP,1292,443,50443,,,,,
780,1722787847.848823000,88.221.83.186,10.0.3.15,UDP,1292,443,50443,,,,,
781,1722787847.849057000,88.221.83.186,10.0.3.15,UDP,1292,443,50443,,,,,
782,1722787847.849057000,88.221.83.186,10.0.3.15,UDP,1292,443,50443,,,,,
783,1722787847.849117000,88.221.83.186,10.0.3.15,UDP,1292,443,50443,,,,,
784,1722787847.849231000,88.221.83.186,10.0.3.15,UDP,1292,443,50443,,,,,
785,1722787847.849328000,88.221.83.186,10.0.3.15,UDP,1292,443,50443,,,,,
786,1722787847.849440000,88.221.83.186,10.0.3.15,UDP,1292,443,50443,,,,,
787,1722787847.849458000,10.0.3.15,88.221.83.186,UDP,75,50443,443,,,,,
788,1722787847.849570000,88.221.83.186,10.0.3.15,UDP,1292,443,50443,,,,,
789,1722787847.849698000,88.221.83.186,10.0.3.15,UDP,1292,443,50443,,,,,
790,1722787847.849854000,88.221.83.186,10.0.3.15,UDP,1292,443,50443,,,,,
791,1722787847.849854000,88.221.83.186,10.0.3.15,UDP,1292,443,50443,,,,,
792,1722787847.849995000,88.221.83.186,10.0.3.15,UDP,1292,443,50443,,,,,
793,1722787847.850075000,88.221.83.186,10.0.3.15,UDP,1292,443,50443,,,,,
794,1722787847.858703000,88.221.83.186,10.0.3.15,UDP,1292,443,50443,,,,,
795,1722787847.858809000,88.221.83.186,10.0.3.15,UDP,1292,443,50443,,,,,
796,1722787847.858918000,88.221.83.186,10.0.3.15,UDP,1292,443,50443,,,,,
797,1722787847.858982000,10.0.3.15,88.221.83.186,UDP,75,50443,443,,,,,
798,1722787847.858995000,88.221.83.186,10.0.3.15,UDP,1292,443,50443,,,,,
799,1722787847.859208000,88.221.83.186,10.0.3.15,UDP,1292,443,50443,,,,,
800,1722787847.859311000,88.221.83.186,10.0.3.15,UDP,1292,443,50443,,,,,
801,1722787847.859424000,88.221.83.186,10.0.3.15,UDP,1292,443,50443,,,,,
802,1722787847.859611000,88.221.83.186,10.0.3.15,UDP,1292,443,50443,,,,,
803,1722787847.859611000,88.221.83.186,10.0.3.15,UDP,1292,443,50443,,,,,
804,1722787847.859723000,88.221.83.186,10.0.3.15,UDP,1292,443,50443,,,,,
805,1722787847.859832000,88.221.83.186,10.0.3.15,UDP,1292,443,50443,,,,,
806,1722787847.859928000,10.0.3.15,88.221.83.186,UDP,75,50443,443,,,,,
807,1722787847.859973000,88.221.83.186,10.0.3.15,UDP,1292,443,50443,,,,,
808,1722787847.860099000,88.221.83.186,10.0.3.15,UDP,1292,443,50443,,,,,
809,1722787847.860218000,88.221.83.186,10.0.3.15,UDP,1292,443,50443,,,,,
810,1722787847.860282000,88.221.83.186,10.0.3.15,UDP,1292,443,50443,,,,,
811,1722787847.860370000,88.221.83.186,10.0.3.15,UDP,1292,443,50443,,,,,
812,1722787847.860462000,88.221.83.186,10.0.3.15,UDP,1292,443,50443,,,,,
813,1722787847.860623000,88.221.83.186,10.0.3.15,UDP,1292,443,50443,,,,,
814,1722787847.860702000,88.221.83.186,10.0.3.15,UDP,1292,443,50443,,,,,
815,1722787847.860786000,88.221.83.186,10.0.3.15,UDP,1292,443,50443,,,,,
816,1722787847.860869000,88.221.83.186,10.0.3.15,UDP,1292,443,50443,,,,,
817,1722787847.860977000,10.0.3.15,88.221.83.186,UDP,75,50443,443,,,,,
818,1722787847.860998000,88.221.83.186,10.0.3.15,UDP,1292,443,50443,,,,,
819,1722787847.861099000,88.221.83.186,10.0.3.15,UDP,1292,443,50443,,,,,
820,1722787847.861199000,88.221.83.186,10.0.3.15,UDP,1292,443,50443,,,,,
821,1722787847.861391000,88.221.83.186,10.0.3.15,UDP,1292,443,50443,,,,,
822,1722787847.861647000,88.221.83.186,10.0.3.15,UDP,1292,443,50443,,,,,
823,1722787847.861647000,88.221.83.186,10.0.3.15,UDP,1292,443,50443,,,,,
824,1722787847.861647000,88.221.83.186,10.0.3.15,UDP,1292,443,50443,,,,,
825,1722787847.861735000,88.221.83.186,10.0.3.15,UDP,1292,443,50443,,,,,
826,1722787847.861847000,88.221.83.186,10.0.3.15,UDP,1292,443,50443,,,,,
827,1722787847.861938000,88.221.83.186,10.0.3.15,UDP,1292,443,50443,,,,,
828,1722787847.862053000,88.221.83.186,10.0.3.15,UDP,1292,443,50443,,,,,
829,1722787847.862070000,10.0.3.15,88.221.83.186,UDP,75,50443,443,,,,,
830,1722787847.862160000,88.221.83.186,10.0.3.15,UDP,1292,443,50443,,,,,
831,1722787847.862238000,88.221.83.186,10.0.3.15,UDP,1292,443,50443,,,,,
832,1722787847.862354000,88.221.83.186,10.0.3.15,UDP,1292,443,50443,,,,,
833,1722787847.862466000,88.221.83.186,10.0.3.15,UDP,1292,443,50443,,,,,
834,1722787847.862585000,88.221.83.186,10.0.3.15,UDP,1292,443,50443,,,,,
835,1722787847.862716000,88.221.83.186,10.0.3.15,UDP,1292,443,50443,,,,,
836,1722787847.862772000,88.221.83.186,10.0.3.15,UDP,1292,443,50443,,,,,
837,1722787847.862951000,88.221.83.186,10.0.3.15,UDP,1292,443,50443,,,,,
838,1722787847.863029000,88.221.83.186,10.0.3.15,UDP,1292,443,50443,,,,,
839,1722787847.863148000,88.221.83.186,10.0.3.15,UDP,1292,443,50443,,,,,
840,1722787847.863172000,10.0.3.15,88.221.83.186,UDP,75,50443,443,,,,,
841,1722787847.863199000,88.221.83.186,10.0.3.15,UDP,1292,443,50443,,,,,
842,1722787847.863286000,88.221.83.186,10.0.3.15,UDP,1292,443,50443,,,,,
843,1722787847.863414000,88.221.83.186,10.0.3.15,UDP,1292,443,50443,,,,,
844,1722787847.863514000,88.221.83.186,10.0.3.15,UDP,1292,443,50443,,,,,
845,1722787847.863619000,88.221.83.186,10.0.3.15,UDP,1292,443,50443,,,,,
846,1722787847.863726000,88.221.83.186,10.0.3.15,UDP,1292,443,50443,,,,,
847,1722787847.863829000,88.221.83.186,10.0.3.15,UDP,1292,443,50443,,,,,
848,1722787847.863936000,88.221.83.186,10.0.3.15,UDP,1292,443,50443,,,,,
849,1722787847.864041000,88.221.83.186,10.0.3.15,UDP,1292,443,50443,,,,,
850,1722787847.864135000,88.221.83.186,10.0.3.15,UDP,1292,443,50443,,,,,
851,1722787847.864136000,10.0.3.15,88.221.83.186,UDP,75,50443,443,,,,,
852,1722787847.864259000,88.221.83.186,10.0.3.15,UDP,1292,443,50443,,,,,
853,1722787847.864349000,88.221.83.186,10.0.3.15,UDP,1292,443,50443,,,,,
854,1722787847.864467000,88.221.83.186,10.0.3.15,UDP,1292,443,50443,,,,,
855,1722787847.864564000,88.221.83.186,10.0.3.15,UDP,1292,443,50443,,,,,
856,1722787847.864661000,88.221.83.186,10.0.3.15,UDP,1292,443,50443,,,,,
857,1722787847.864777000,88.221.83.186,10.0.3.15,UDP,1292,443,50443,,,,,
858,1722787847.864881000,88.221.83.186,10.0.3.15,UDP,1292,443,50443,,,,,
859,1722787847.864987000,88.221.83.186,10.0.3.15,UDP,1292,443,50443,,,,,
860,1722787847.865090000,88.221.83.186,10.0.3.15,UDP,1292,443,50443,,,,,
861,1722787847.865201000,10.0.3.15,88.221.83.186,UDP,75,50443,443,,,,,
862,1722787847.865210000,88.221.83.186,10.0.3.15,UDP,1292,443,50443,,,,,
863,1722787847.865322000,88.221.83.186,10.0.3.15,UDP,1292,443,50443,,,,,
864,1722787847.865400000,88.221.83.186,10.0.3.15,UDP,1292,443,50443,,,,,
865,1722787847.865516000,88.221.83.186,10.0.3.15,UDP,1292,443,50443,,,,,
866,1722787847.865615000,88.221.83.186,10.0.3.15,UDP,1292,443,50443,,,,,
867,1722787847.865716000,88.221.83.186,10.0.3.15,UDP,1292,443,50443,,,,,
868,1722787847.865826000,88.221.83.186,10.0.3.15,UDP,1292,443,50443,,,,,
869,1722787847.865965000,88.221.83.186,10.0.3.15,UDP,1292,443,50443,,,,,
870,1722787847.866054000,88.221.83.186,10.0.3.15,UDP,1292,443,50443,,,,,
871,1722787847.866201000,88.221.83.186,10.0.3.15,UDP,1292,443,50443,,,,,
872,1722787847.866253000,88.221.83.186,10.0.3.15,UDP,1292,443,50443,,,,,
873,1722787847.866283000,10.0.3.15,88.221.83.186,UDP,75,50443,443,,,,,
874,1722787847.866355000,88.221.83.186,10.0.3.15,UDP,1292,443,50443,,,,,
875,1722787847.866478000,88.221.83.186,10.0.3.15,UDP,1292,443,50443,,,,,
876,1722787847.866558000,88.221.83.186,10.0.3.15,UDP,1292,443,50443,,,,,
877,1722787847.866674000,88.221.83.186,10.0.3.15,UDP,1292,443,50443,,,,,
878,1722787847.866770000,88.221.83.186,10.0.3.15,UDP,1292,443,50443,,,,,
879,1722787847.866884000,88.221.83.186,10.0.3.15,UDP,1292,443,50443,,,,,
880,1722787847.866977000,88.221.83.186,10.0.3.15,UDP,1292,443,50443,,,,,
881,1722787847.867089000,88.221.83.186,10.0.3.15,UDP,1292,443,50443,,,,,
882,1722787847.867203000,88.221.83.186,10.0.3.15,UDP,1292,443,50443,,,,,
883,1722787847.867307000,10.0.3.15,88.221.83.186,UDP,75,50443,443,,,,,
884,1722787847.867342000,88.221.83.186,10.0.3.15,UDP,1292,443,50443,,,,,
885,1722787847.867408000,88.221.83.186,10.0.3.15,UDP,1292,443,50443,,,,,
886,1722787847.867536000,88.221.83.186,10.0.3.15,UDP,1292,443,50443,,,,,
887,1722787847.867608000,88.221.83.186,10.0.3.15,UDP,1292,443,50443,,,,,
888,1722787847.867769000,88.221.83.186,10.0.3.15,UDP,1292,443,50443,,,,,
889,1722787847.867934000,88.221.83.186,10.0.3.15,UDP,1292,443,50443,,,,,
890,1722787847.867934000,88.221.83.186,10.0.3.15,UDP,1292,443,50443,,,,,
891,1722787847.868035000,88.221.83.186,10.0.3.15,UDP,1292,443,50443,,,,,
892,1722787847.868143000,88.221.83.186,10.0.3.15,UDP,1292,443,50443,,,,,
893,1722787847.868284000,88.221.83.186,10.0.3.15,UDP,1292,443,50443,,,,,
894,1722787847.868349000,88.221.83.186,10.0.3.15,UDP,1292,443,50443,,,,,
895,1722787847.868394000,10.0.3.15,88.221.83.186,UDP,75,50443,443,,,,,
896,1722787847.868468000,88.221.83.186,10.0.3.15,UDP,1292,443,50443,,,,,
897,1722787847.868605000,88.221.83.186,10.0.3.15,UDP,1292,443,50443,,,,,
898,1722787847.868741000,88.221.83.186,10.0.3.15,UDP,1292,443,50443,,,,,
899,1722787847.868820000,88.221.83.186,10.0.3.15,UDP,1292,443,50443,,,,,
900,1722787847.869093000,88.221.83.186,10.0.3.15,UDP,1292,443,50443,,,,,
901,1722787847.869093000,88.221.83.186,10.0.3.15,UDP,1292,443,50443,,,,,
902,1722787847.869093000,88.221.83.186,10.0.3.15,UDP,1292,443,50443,,,,,
903,1722787847.869371000,88.221.83.186,10.0.3.15,UDP,1292,443,50443,,,,,
904,1722787847.869371000,88.221.83.186,10.0.3.15,UDP,1292,443,50443,,,,,
905,1722787847.869446000,10.0.3.15,88.221.83.186,UDP,75,50443,443,,,,,
906,1722787847.869484000,88.221.83.186,10.0.3.15,UDP,1292,443,50443,,,,,
907,1722787847.869540000,88.221.83.186,10.0.3.15,UDP,1292,443,50443,,,,,
908,1722787847.869692000,88.221.83.186,10.0.3.15,UDP,1292,443,50443,,,,,
909,1722787847.869791000,88.221.83.186,10.0.3.15,UDP,1292,443,50443,,,,,
910,1722787847.869872000,88.221.83.186,10.0.3.15,UDP,1292,443,50443,,,,,
911,1722787847.869966000,88.221.83.186,10.0.3.15,UDP,1292,443,50443,,,,,
912,1722787847.870043000,88.221.83.186,10.0.3.15,UDP,1292,443,50443,,,,,
913,1722787847.870156000,88.221.83.186,10.0.3.15,UDP,1292,443,50443,,,,,
914,1722787847.870405000,88.221.83.186,10.0.3.15,UDP,1292,443,50443,,,,,
915,1722787847.870405000,88.221.83.186,10.0.3.15,UDP,1292,443,50443,,,,,
916,1722787847.870625000,88.221.83.186,10.0.3.15,UDP,1292,443,50443,,,,,
917,1722787847.870625000,88.221.83.186,10.0.3.15,UDP,1292,443,50443,,,,,
918,1722787847.870648000,10.0.3.15,88.221.83.186,UDP,80,50443,443,,,,,
919,1722787847.870816000,88.221.83.186,10.0.3.15,UDP,1292,443,50443,,,,,
920,1722787847.870816000,88.221.83.186,10.0.3.15,UDP,1292,443,50443,,,,,
921,1722787847.870993000,88.221.83.186,10.0.3.15,UDP,1292,443,50443,,,,,
922,1722787847.870993000,88.221.83.186,10.0.3.15,UDP,1292,443,50443,,,,,
923,1722787847.871186000,88.221.83.186,10.0.3.15,UDP,1292,443,50443,,,,,
924,1722787847.871186000,88.221.83.186,10.0.3.15,UDP,1292,443,50443,,,,,
925,1722787847.871378000,88.221.83.186,10.0.3.15,UDP,1292,443,50443,,,,,
926,1722787847.871493000,88.221.83.186,10.0.3.15,UDP,1292,443,50443,,,,,
927,1722787847.871493000,88.221.83.186,10.0.3.15,UDP,1292,443,50443,,,,,
928,1722787847.871576000,10.0.3.15,88.221.83.186,UDP,75,50443,443,,,,,
929,1722787847.871607000,88.221.83.186,10.0.3.15,UDP,1292,443,50443,,,,,
930,1722787847.871706000,88.221.83.186,10.0.3.15,UDP,1292,443,50443,,,,,
931,1722787847.871811000,88.221.83.186,10.0.3.15,UDP,1292,443,50443,,,,,
932,1722787847.871928000,88.221.83.186,10.0.3.15,UDP,1292,443,50443,,,,,
933,1722787847.872035000,88.221.83.186,10.0.3.15,UDP,1292,443,50443,,,,,
934,1722787847.872139000,88.221.83.186,10.0.3.15,UDP,1292,443,50443,,,,,
935,1722787847.872261000,88.221.83.186,10.0.3.15,UDP,1292,443,50443,,,,,
936,1722787847.872349000,88.221.83.186,10.0.3.15,UDP,1292,443,50443,,,,,
937,1722787847.872467000,88.221.83.186,10.0.3.15,UDP,1292,443,50443,,,,,
938,1722787847.872580000,88.221.83.186,10.0.3.15,UDP,1292,443,50443,,,,,
939,1722787847.872580000,88.221.83.186,10.0.3.15,UDP,595,443,50443,,,,,
940,1722787847.872775000,13.107.21.239,10.0.3.15,HTTPS,1514,443,49764,,,,,
941,1722787847.872812000,10.0.3.15,88.221.83.186,UDP,75,50443,443,,,,,
942,1722787847.872888000,13.107.21.239,10.0.3.15,HTTPS,1514,443,49764,,,,,
943,1722787847.872923000,10.0.3.15,13.107.21.239,HTTPS,54,49764,443,,,,,
944,1722787847.873005000,13.107.21.239,10.0.3.15,HTTPS,1514,443,49764,,,,,
945,1722787847.873105000,13.107.21.239,10.0.3.15,HTTPS,1514,443,49764,,,,,
946,1722787847.873105000,13.107.21.239,10.0.3.15,HTTPS,111,443,49764,,,,,
947,1722787847.873151000,10.0.3.15,13.107.21.239,HTTPS,54,49764,443,,,,,
948,1722787847.874495000,10.0.3.15,13.107.21.239,HTTPS,212,49764,443,,,,,
949,1722787847.874611000,13.107.21.239,10.0.3.15,HTTPS,60,443,49764,,,,,
950,1722787847.874656000,10.0.3.15,13.107.21.239,HTTPS,153,49764,443,,,,,
951,1722787847.874738000,13.107.21.239,10.0.3.15,HTTPS,60,443,49764,,,,,
952,1722787847.874800000,10.0.3.15,13.107.21.239,HTTPS,1329,49764,443,,,,,
953,1722787847.874861000,10.0.3.15,13.107.21.239,HTTPS,12647,49764,443,,,,,
954,1722787847.874903000,13.107.21.239,10.0.3.15,HTTPS,60,443,49764,,,,,
955,1722787847.874966000,13.107.21.239,10.0.3.15,HTTPS,60,443,49764,,,,,
956,1722787847.874966000,13.107.21.239,10.0.3.15,HTTPS,60,443,49764,,,,,
957,1722787847.874966000,13.107.21.239,10.0.3.15,HTTPS,60,443,49764,,,,,
958,1722787847.874966000,13.107.21.239,10.0.3.15,HTTPS,60,443,49764,,,,,
959,1722787847.875010000,13.107.21.239,10.0.3.15,HTTPS,60,443,49764,,,,,
960,1722787847.875010000,13.107.21.239,10.0.3.15,HTTPS,60,443,49764,,,,,
961,1722787847.875010000,13.107.21.239,10.0.3.15,HTTPS,60,443,49764,,,,,
962,1722787847.875127000,13.107.21.239,10.0.3.15,HTTPS,60,443,49764,,,,,
963,1722787847.875127000,13.107.21.239,10.0.3.15,HTTPS,60,443,49764,,,,,
964,1722787847.879488000,52.168.117.173,10.0.3.15,HTTPS,1502,443,49761,,,,,
965,1722787847.879488000,52.168.117.173,10.0.3.15,HTTPS,1502,443,49761,,,,,
966,1722787847.879548000,10.0.3.15,52.168.117.173,HTTPS,54,49761,443,,,,,
967,1722787847.879640000,52.168.117.173,10.0.3.15,HTTPS,1502,443,49761,,,,,
968,1722787847.880288000,52.168.117.173,10.0.3.15,HTTPS,1514,443,49761,,,,,
969,1722787847.880288000,52.168.117.173,10.0.3.15,HTTPS,572,443,49761,,,,,
970,1722787847.880319000,10.0.3.15,52.168.117.173,HTTPS,54,49761,443,,,,,
971,1722787847.884324000,10.0.3.15,88.221.83.186,UDP,76,50443,443,,,,,
972,1722787847.885570000,10.0.3.15,52.168.117.173,HTTPS,128,49761,443,,,,,
973,1722787847.886462000,52.168.117.173,10.0.3.15,HTTPS,60,443,49761,,,,,
974,1722787847.892370000,10.0.3.15,52.168.117.173,HTTPS,1272,49761,443,,,,,
975,1722787847.892605000,52.168.117.173,10.0.3.15,HTTPS,60,443,49761,,,,,
976,1722787847.892876000,10.0.3.15,52.168.117.173,HTTPS,3782,49761,443,,,,,
977,1722787847.893020000,52.168.117.173,10.0.3.15,HTTPS,60,443,49761,,,,,
978,1722787847.893020000,52.168.117.173,10.0.3.15,HTTPS,60,443,49761,,,,,
979,1722787847.893020000,52.168.117.173,10.0.3.15,HTTPS,60,443,49761,,,,,
980,1722787847.893905000,2.17.107.104,10.0.3.15,HTTPS,717,443,49763,,,,,
981,1722787847.893950000,10.0.3.15,2.17.107.104,HTTPS,54,49763,443,,,,,
982,1722787847.896720000,13.89.179.9,10.0.3.15,HTTPS,1502,443,49760,,,,,
983,1722787847.896865000,13.89.179.9,10.0.3.15,HTTPS,1502,443,49760,,,,,
984,1722787847.896865000,13.89.179.9,10.0.3.15,HTTPS,1502,443,49760,,,,,
985,1722787847.896935000,10.0.3.15,13.89.179.9,HTTPS,54,49760,443,,,,,
986,1722787847.897135000,13.89.179.9,10.0.3.15,HTTPS,1514,443,49760,,,,,
987,1722787847.897135000,13.89.179.9,10.0.3.15,HTTPS,580,443,49760,,,,,
988,1722787847.897195000,10.0.3.15,13.89.179.9,HTTPS,54,49760,443,,,,,
989,1722787847.897296000,2.17.107.104,10.0.3.15,HTTPS,1502,443,49763,,,,,
990,1722787847.897296000,2.17.107.104,10.0.3.15,HTTPS,1502,443,49763,,,,,
991,1722787847.897374000,10.0.3.15,2.17.107.104,HTTPS,54,49763,443,,,,,
992,1722787847.897466000,2.17.107.104,10.0.3.15,HTTPS,1502,443,49763,,,,,
993,1722787847.897502000,10.0.3.15,2.17.107.104,HTTPS,54,49763,443,,,,,
994,1722787847.897574000,2.17.107.104,10.0.3.15,HTTPS,1502,443,49763,,,,,
995,1722787847.897605000,10.0.3.15,2.17.107.104,HTTPS,54,49763,443,,,,,
996,1722787847.897650000,2.17.107.104,10.0.3.15,HTTPS,1502,443,49763,,,,,
997,1722787847.897673000,10.0.3.15,2.17.107.104,HTTPS,54,49763,443,,,,,
998,1722787847.897730000,2.17.107.104,10.0.3.15,HTTPS,1502,443,49763,,,,,
999,1722787847.897760000,10.0.3.15,2.17.107.104,HTTPS,54,49763,443,,,,,
1000,1722787847.897924000,2.17.107.104,10.0.3.15,HTTPS,1502,443,49763,,,,,
1001,1722787847.897969000,10.0.3.15,2.17.107.104,HTTPS,54,49763,443,,,,,
1002,1722787847.898039000,2.17.107.104,10.0.3.15,HTTPS,1502,443,49763,,,,,
1003,1722787847.898097000,10.0.3.15,2.17.107.104,HTTPS,54,49763,443,,,,,
1004,1722787847.898190000,2.17.107.104,10.0.3.15,HTTPS,1502,443,49763,,,,,
1005,1722787847.898228000,10.0.3.15,2.17.107.104,HTTPS,54,49763,443,,,,,
1006,1722787847.898396000,2.17.107.104,10.0.3.15,HTTPS,1502,443,49763,,,,,
1007,1722787847.898412000,10.0.3.15,2.17.107.104,HTTPS,54,49763,443,,,,,
1008,1722787847.898528000,2.17.107.104,10.0.3.15,HTTPS,1502,443,49763,,,,,
1009,1722787847.898528000,2.17.107.104,10.0.3.15,HTTPS,1502,443,49763,,,,,
1010,1722787847.898555000,10.0.3.15,2.17.107.104,HTTPS,54,49763,443,,,,,
1011,1722787847.898672000,2.17.107.104,10.0.3.15,HTTPS,1033,443,49763,,,,,
1012,1722787847.898713000,10.0.3.15,2.17.107.104,HTTPS,54,49763,443,,,,,
1013,1722787847.901180000,13.107.21.239,10.0.3.15,HTTPS,465,443,49764,,,,,
1014,1722787847.901436000,10.0.3.15,13.89.179.9,HTTPS,128,49760,443,,,,,
1015,1722787847.901591000,13.89.179.9,10.0.3.15,HTTPS,60,443,49760,,,,,
1016,1722787847.901774000,10.0.3.15,13.107.21.239,HTTPS,92,49764,443,,,,,
1017,1722787847.901835000,10.0.3.15,13.89.179.9,HTTPS,146,49760,443,,,,,
1018,1722787847.901983000,13.107.21.239,10.0.3.15,HTTPS,60,443,49764,,,,,
1019,1722787847.901983000,13.89.179.9,10.0.3.15,HTTPS,60,443,49760,,,,,
1020,1722787847.902042000,10.0.3.15,13.89.179.9,HTTPS,2327,49760,443,,,,,
1021,1722787847.902106000,10.0.3.15,13.89.179.9,HTTPS,7464,49760,443,,,,,
1022,1722787847.902173000,13.89.179.9,10.0.3.15,HTTPS,60,443,49760,,,,,
1023,1722787847.902173000,13.89.179.9,10.0.3.15,HTTPS,60,443,49760,,,,,
1024,1722787847.902355000,13.89.179.9,10.0.3.15,HTTPS,60,443,49760,,,,,
1025,1722787847.902355000,13.89.179.9,10.0.3.15,HTTPS,60,443,49760,,,,,
1026,1722787847.902355000,13.89.179.9,10.0.3.15,HTTPS,60,443,49760,,,,,
1027,1722787847.902355000,13.89.179.9,10.0.3.15,HTTPS,60,443,49760,,,,,
1028,1722787847.902355000,13.89.179.9,10.0.3.15,HTTPS,60,443,49760,,,,,
1029,1722787847.902355000,13.89.179.9,10.0.3.15,HTTPS,60,443,49760,,,,,
1030,1722787847.905874000,204.79.197.203,10.0.3.15,HTTPS,567,443,49712,,,,,
1031,1722787847.906013000,204.79.197.203,10.0.3.15,HTTPS,1514,443,49712,,,,,
1032,1722787847.906043000,10.0.3.15,204.79.197.203,HTTPS,54,49712,443,,,,,
1033,1722787847.906108000,204.79.197.203,10.0.3.15,HTTPS,1514,443,49712,,,,,
1034,1722787847.906249000,204.79.197.203,10.0.3.15,HTTPS,1514,443,49712,,,,,
1035,1722787847.906263000,10.0.3.15,204.79.197.203,HTTPS,54,49712,443,,,,,
1036,1722787847.906372000,204.79.197.203,10.0.3.15,HTTPS,1514,443,49712,,,,,
1037,1722787847.906496000,204.79.197.203,10.0.3.15,HTTPS,1514,443,49712,,,,,
1038,1722787847.906496000,204.79.197.203,10.0.3.15,HTTPS,791,443,49712,,,,,
1039,1722787847.906598000,10.0.3.15,204.79.197.203,HTTPS,54,49712,443,,,,,
1040,1722787847.915975000,13.107.21.239,10.0.3.15,HTTPS,92,443,49764,,,,,
1041,1722787847.917167000,10.0.3.15,204.79.197.203,HTTPS,89,49712,443,,,,,
1042,1722787847.917419000,88.221.83.186,10.0.3.15,UDP,68,443,50443,,,,,
1043,1722787847.917585000,204.79.197.203,10.0.3.15,HTTPS,60,443,49712,,,,,
1044,1722787847.924800000,204.79.197.203,10.0.3.15,HTTPS,594,443,49712,,,,,
1045,1722787847.925316000,204.79.197.203,10.0.3.15,HTTPS,124,443,49712,,,,,
1046,1722787847.925353000,10.0.3.15,204.79.197.203,HTTPS,54,49712,443,,,,,
1047,1722787847.941032000,13.107.21.239,10.0.3.15,HTTPS,1514,443,49764,,,,,
1048,1722787847.941032000,13.107.21.239,10.0.3.15,HTTPS,1514,443,49764,,,,,
1049,1722787847.941129000,10.0.3.15,13.107.21.239,HTTPS,54,49764,443,,,,,
1050,1722787847.942332000,13.107.21.239,10.0.3.15,HTTPS,602,443,49764,,,,,
1051,1722787847.942365000,10.0.3.15,13.107.21.239,HTTPS,54,49764,443,,,,,
1052,1722787847.981299000,10.0.3.15,10.0.3.3,UDP,85,56887,53,,,,,
1053,1722787848.000596000,52.168.117.173,10.0.3.15,HTTPS,157,443,49761,,,,,
1054,1722787848.000743000,10.0.3.3,10.0.3.15,UDP,211,53,56887,,,,,
1055,1722787848.001837000,10.0.3.15,20.223.35.26,HTTPS,66,49765,443,,,,,
1056,1722787848.040469000,20.223.35.26,10.0.3.15,HTTPS,60,443,49765,,,,,
1057,1722787848.040572000,10.0.3.15,20.223.35.26,HTTPS,54,49765,443,,,,,
1058,1722787848.041058000,13.89.179.9,10.0.3.15,HTTPS,157,443,49760,,,,,
1059,1722787848.042261000,13.89.179.9,10.0.3.15,HTTPS,147,443,49760,,,,,
1060,1722787848.042286000,10.0.3.15,13.89.179.9,HTTPS,54,49760,443,,,,,
1061,1722787848.042437000,10.0.3.15,13.89.179.9,HTTPS,85,49760,443,,,,,
1062,1722787848.042524000,13.89.179.9,10.0.3.15,HTTPS,60,443,49760,,,,,
1063,1722787848.043681000,10.0.3.15,20.223.35.26,HTTPS,353,49765,443,,,,,
1064,1722787848.043822000,20.223.35.26,10.0.3.15,HTTPS,60,443,49765,,,,,
1065,1722787848.044621000,10.0.3.15,52.168.117.173,HTTPS,54,49761,443,,,,,
1066,1722787848.082781000,20.223.35.26,10.0.3.15,HTTPS,1514,443,49765,,,,,
1067,1722787848.082781000,20.223.35.26,10.0.3.15,HTTPS,1514,443,49765,,,,,
1068,1722787848.082874000,10.0.3.15,20.223.35.26,HTTPS,54,49765,443,,,,,
1069,1722787848.083028000,20.223.35.26,10.0.3.15,HTTPS,1514,443,49765,,,,,
1070,1722787848.083086000,10.0.3.15,20.223.35.26,HTTPS,54,49765,443,,,,,
1071,1722787848.083851000,20.223.35.26,10.0.3.15,HTTPS,1514,443,49765,,,,,
1072,1722787848.083882000,10.0.3.15,20.223.35.26,HTTPS,54,49765,443,,,,,
1073,1722787848.084534000,20.223.35.26,10.0.3.15,HTTPS,368,443,49765,,,,,
1074,1722787848.084592000,10.0.3.15,20.223.35.26,HTTPS,54,49765,443,,,,,
1075,1722787848.118653000,52.168.117.173,10.0.3.15,HTTPS,1295,443,49761,,,,,
1076,1722787848.168822000,10.0.3.15,20.223.35.26,HTTPS,212,49765,443,,,,,
1077,1722787848.169050000,20.223.35.26,10.0.3.15,HTTPS,60,443,49765,,,,,
1078,1722787848.169132000,10.0.3.15,20.223.35.26,HTTPS,141,49765,443,,,,,
1079,1722787848.169237000,20.223.35.26,10.0.3.15,HTTPS,60,443,49765,,,,,
1080,1722787848.171121000,10.0.3.15,52.168.117.173,HTTPS,54,49761,443,,,,,
1081,1722787848.176547000,13.89.179.9,10.0.3.15,HTTPS,656,443,49760,,,,,
1082,1722787848.206770000,20.223.35.26,10.0.3.15,HTTPS,105,443,49765,,,,,
1083,1722787848.206827000,10.0.3.15,20.223.35.26,HTTPS,54,49765,443,,,,,
1084,1722787848.207372000,20.223.35.26,10.0.3.15,HTTPS,123,443,49765,,,,,
1085,1722787848.207391000,10.0.3.15,20.223.35.26,HTTPS,54,49765,443,,,,,
1086,1722787848.207483000,10.0.3.15,20.223.35.26,HTTPS,1574,49765,443,,,,,
1087,1722787848.207525000,10.0.3.15,20.223.35.26,HTTPS,92,49765,443,,,,,
1088,1722787848.207598000,20.223.35.26,10.0.3.15,HTTPS,60,443,49765,,,,,
1089,1722787848.207598000,20.223.35.26,10.0.3.15,HTTPS,60,443,49765,,,,,
1090,1722787848.207598000,20.223.35.26,10.0.3.15,HTTPS,60,443,49765,,,,,
1091,1722787848.217926000,10.0.3.15,13.89.179.9,HTTPS,54,49760,443,,,,,
1092,1722787848.230307000,2.17.107.104,10.0.3.15,HTTPS,395,443,49763,,,,,
1093,1722787848.230359000,10.0.3.15,2.17.107.104,HTTPS,54,49763,443,,,,,
1094,1722787848.245168000,20.223.35.26,10.0.3.15,HTTPS,92,443,49765,,,,,
1095,1722787848.245218000,10.0.3.15,20.223.35.26,HTTPS,54,49765,443,,,,,
1096,1722787848.266491000,20.223.35.26,10.0.3.15,HTTPS,1514,443,49765,,,,,
1097,1722787848.266614000,10.0.3.15,20.223.35.26,HTTPS,54,49765,443,,,,,
1098,1722787848.267042000,20.223.35.26,10.0.3.15,HTTPS,1514,443,49765,,,,,
1099,1722787848.267042000,20.223.35.26,10.0.3.15,HTTPS,400,443,49765,,,,,
1100,1722787848.267092000,10.0.3.15,20.223.35.26,HTTPS,54,49765,443,,,,,
1101,1722787848.293451000,10.0.3.15,204.79.197.203,HTTPS,1383,49712,443,,,,,
